Title,category,price,In_stock,Star_rating,Image_url,Page_url
A Light in the ...,Poetry,£51.77,"

    
        In stock
    
",3,../media/cache/2c/da/2cdad67c44b002e7ead0cc35693c0e8b.jpg,a-light-in-the-attic_1000/index.html
Tipping the Velvet,Historical Fiction,£53.74,"

    
        In stock
    
",1,../media/cache/26/0c/260c6ae16bce31c8f8c95daddd9f4a1c.jpg,tipping-the-velvet_999/index.html
Soumission,Fiction,£50.10,"

    
        In stock
    
",1,../media/cache/3e/ef/3eef99c9d9adef34639f510662022830.jpg,soumission_998/index.html
Sharp Objects,Mystery,£47.82,"

    
        In stock
    
",4,../media/cache/32/51/3251cf3a3412f53f339e42cac2134093.jpg,sharp-objects_997/index.html
Sapiens: A Brief History ...,History,£54.23,"

    
        In stock
    
",5,../media/cache/be/a5/bea5697f2534a2f86a3ef27b5a8c12a6.jpg,sapiens-a-brief-history-of-humankind_996/index.html
The Requiem Red,Young Adult,£22.65,"

    
        In stock
    
",1,../media/cache/68/33/68339b4c9bc034267e1da611ab3b34f8.jpg,the-requiem-red_995/index.html
The Dirty Little Secrets ...,Business,£33.34,"

    
        In stock
    
",4,../media/cache/92/27/92274a95b7c251fea59a2b8a78275ab4.jpg,the-dirty-little-secrets-of-getting-your-dream-job_994/index.html
The Coming Woman: A ...,Default,£17.93,"

    
        In stock
    
",3,../media/cache/3d/54/3d54940e57e662c4dd1f3ff00c78cc64.jpg,the-coming-woman-a-novel-based-on-the-life-of-the-infamous-feminist-victoria-woodhull_993/index.html
The Boys in the ...,Default,£22.60,"

    
        In stock
    
",4,../media/cache/66/88/66883b91f6804b2323c8369331cb7dd1.jpg,the-boys-in-the-boat-nine-americans-and-their-epic-quest-for-gold-at-the-1936-berlin-olympics_992/index.html
The Black Maria,Poetry,£52.15,"

    
        In stock
    
",1,../media/cache/58/46/5846057e28022268153beff6d352b06c.jpg,the-black-maria_991/index.html
Starving Hearts (Triangular Trade ...,Default,£13.99,"

    
        In stock
    
",2,../media/cache/be/f4/bef44da28c98f905a3ebec0b87be8530.jpg,starving-hearts-triangular-trade-trilogy-1_990/index.html
Shakespeare's Sonnets,Poetry,£20.66,"

    
        In stock
    
",4,../media/cache/10/48/1048f63d3b5061cd2f424d20b3f9b666.jpg,shakespeares-sonnets_989/index.html
Set Me Free,Young Adult,£17.46,"

    
        In stock
    
",5,../media/cache/5b/88/5b88c52633f53cacf162c15f4f823153.jpg,set-me-free_988/index.html
Scott Pilgrim's Precious Little ...,Sequential Art,£52.29,"

    
        In stock
    
",5,../media/cache/94/b1/94b1b8b244bce9677c2f29ccc890d4d2.jpg,scott-pilgrims-precious-little-life-scott-pilgrim-1_987/index.html
Rip it Up and ...,Music,£35.02,"

    
        In stock
    
",5,../media/cache/81/c4/81c4a973364e17d01f217e1188253d5e.jpg,rip-it-up-and-start-again_986/index.html
Our Band Could Be ...,Music,£57.25,"

    
        In stock
    
",3,../media/cache/54/60/54607fe8945897cdcced0044103b10b6.jpg,our-band-could-be-your-life-scenes-from-the-american-indie-underground-1981-1991_985/index.html
Olio,Poetry,£23.88,"

    
        In stock
    
",1,../media/cache/55/33/553310a7162dfbc2c6d19a84da0df9e1.jpg,olio_984/index.html
Mesaerion: The Best Science ...,Science Fiction,£37.59,"

    
        In stock
    
",1,../media/cache/09/a3/09a3aef48557576e1a85ba7efea8ecb7.jpg,mesaerion-the-best-science-fiction-stories-1800-1849_983/index.html
Libertarianism for Beginners,Politics,£51.33,"

    
        In stock
    
",2,../media/cache/0b/bc/0bbcd0a6f4bcd81ccb1049a52736406e.jpg,libertarianism-for-beginners_982/index.html
It's Only the Himalayas,Travel,£45.17,"

    
        In stock
    
",2,../media/cache/27/a5/27a53d0bb95bdd88288eaf66c9230d7e.jpg,its-only-the-himalayas_981/index.html
In Her Wake,Thriller,£12.84,"

    
        In stock
    
",1,../media/cache/5d/72/5d72709c6a7a9584a4d1cf07648bfce1.jpg,in-her-wake_980/index.html
How Music Works,Music,£37.32,"

    
        In stock
    
",2,../media/cache/5c/c8/5cc8e107246cb478960d4f0aba1e1c8e.jpg,how-music-works_979/index.html
Foolproof Preserving: A Guide ...,Food and Drink,£30.52,"

    
        In stock
    
",3,../media/cache/9f/59/9f59f01fa916a7bb8f0b28a4012179a4.jpg,foolproof-preserving-a-guide-to-small-batch-jams-jellies-pickles-condiments-and-more-a-foolproof-guide-to-making-small-batch-jams-jellies-pickles-condiments-and-more_978/index.html
Chase Me (Paris Nights ...,Romance,£25.27,"

    
        In stock
    
",5,../media/cache/9c/2e/9c2e0eb8866b8e3f3b768994fd3d1c1a.jpg,chase-me-paris-nights-2_977/index.html
Black Dust,Romance,£34.53,"

    
        In stock
    
",5,../media/cache/44/cc/44ccc99c8f82c33d4f9d2afa4ef25787.jpg,black-dust_976/index.html
Birdsong: A Story in ...,Childrens,£54.64,"

    
        In stock
    
",3,../media/cache/af/6e/af6e796160fe63e0cf19d44395c7ddf2.jpg,birdsong-a-story-in-pictures_975/index.html
America's Cradle of Quarterbacks: ...,Default,£22.50,"

    
        In stock
    
",3,../media/cache/ef/0b/ef0bed08de4e083dba5e20fdb98d9c36.jpg,americas-cradle-of-quarterbacks-western-pennsylvanias-football-factory-from-johnny-unitas-to-joe-montana_974/index.html
Aladdin and His Wonderful ...,Default,£53.13,"

    
        In stock
    
",3,../media/cache/d6/da/d6da0371958068bbaf39ea9c174275cd.jpg,aladdin-and-his-wonderful-lamp_973/index.html
Worlds Elsewhere: Journeys Around ...,Nonfiction,£40.30,"

    
        In stock
    
",5,../media/cache/2e/98/2e98c332bf8563b584784971541c4445.jpg,worlds-elsewhere-journeys-around-shakespeares-globe_972/index.html
Wall and Piece,Art,£44.18,"

    
        In stock
    
",4,../media/cache/a5/41/a5416b9646aaa7287baa287ec2590270.jpg,wall-and-piece_971/index.html
The Four Agreements: A ...,Spirituality,£17.66,"

    
        In stock
    
",5,../media/cache/0f/7e/0f7ee69495c0df1d35723f012624a9f8.jpg,the-four-agreements-a-practical-guide-to-personal-freedom_970/index.html
The Five Love Languages: ...,Nonfiction,£31.05,"

    
        In stock
    
",3,../media/cache/38/c5/38c56fba316c07305643a8065269594e.jpg,the-five-love-languages-how-to-express-heartfelt-commitment-to-your-mate_969/index.html
The Elephant Tree,Thriller,£23.82,"

    
        In stock
    
",5,../media/cache/5d/7e/5d7ecde8e81513eba8a64c9fe000744b.jpg,the-elephant-tree_968/index.html
The Bear and the ...,Childrens,£36.89,"

    
        In stock
    
",1,../media/cache/cf/bb/cfbb5e62715c6d888fd07794c9bab5d6.jpg,the-bear-and-the-piano_967/index.html
Sophie's World,Philosophy,£15.94,"

    
        In stock
    
",5,../media/cache/65/71/6571919836ec51ed54f0050c31d8a0cd.jpg,sophies-world_966/index.html
Penny Maybe,Default,£33.29,"

    
        In stock
    
",3,../media/cache/12/53/1253c21c5ef3c6d075c5fa3f5fecee6a.jpg,penny-maybe_965/index.html
Maude (1883-1993):She Grew Up ...,Default,£18.02,"

    
        In stock
    
",2,../media/cache/f5/88/f5889d038f5d8e949b494d147c2dcf54.jpg,maude-1883-1993she-grew-up-with-the-country_964/index.html
"In a Dark, Dark ...",Mystery,£19.63,"

    
        In stock
    
",1,../media/cache/23/85/238570a1c284e730dbc737a7e631ae2b.jpg,in-a-dark-dark-wood_963/index.html
Behind Closed Doors,Thriller,£52.22,"

    
        In stock
    
",4,../media/cache/e1/5c/e15c289ba58cea38519e1281e859f0c1.jpg,behind-closed-doors_962/index.html
You can't bury them ...,Poetry,£33.63,"

    
        In stock
    
",2,../media/cache/e9/20/e9203b733126c4a0832a1c7885dc27cf.jpg,you-cant-bury-them-all-poems_961/index.html
Slow States of Collapse: ...,Poetry,£57.31,"

    
        In stock
    
",3,../media/cache/72/41/72417db983862010ef0c1a25de98c7d7.jpg,slow-states-of-collapse-poems_960/index.html
Reasons to Stay Alive,Nonfiction,£26.41,"

    
        In stock
    
",2,../media/cache/cb/bd/cbbdb0222ee8a0f6ab61657412a15794.jpg,reasons-to-stay-alive_959/index.html
Private Paris (Private #10),Fiction,£47.61,"

    
        In stock
    
",5,../media/cache/9d/05/9d0533bae1578846d728a82913b95c26.jpg,private-paris-private-10_958/index.html
#HigherSelfie: Wake Up Your ...,Nonfiction,£23.11,"

    
        In stock
    
",5,../media/cache/9c/46/9c463c7631c82401160fd3b554b8f0e1.jpg,higherselfie-wake-up-your-life-free-your-soul-find-your-tribe_957/index.html
Without Borders (Wanderlove #1),New Adult,£45.07,"

    
        In stock
    
",2,../media/cache/24/e2/24e2f5c9d325c4004d8190c054da86dd.jpg,without-borders-wanderlove-1_956/index.html
When We Collided,Contemporary,£31.77,"

    
        In stock
    
",1,../media/cache/08/04/08044269fc197645268a6197c57e6173.jpg,when-we-collided_955/index.html
"We Love You, Charlie ...",Fiction,£50.27,"

    
        In stock
    
",5,../media/cache/5f/15/5f152afdbc42356ecba02f61058a7e5b.jpg,we-love-you-charlie-freeman_954/index.html
Untitled Collection: Sabbath Poems ...,Poetry,£14.27,"

    
        In stock
    
",4,../media/cache/f9/3b/f93b4a650f03a5d21f2436d7813f42c2.jpg,untitled-collection-sabbath-poems-2014_953/index.html
Unseen City: The Majesty ...,Nonfiction,£44.18,"

    
        In stock
    
",4,../media/cache/41/a2/41a20f35adf0caea24f208dc01ad7681.jpg,unseen-city-the-majesty-of-pigeons-the-discreet-charm-of-snails-other-wonders-of-the-urban-wilderness_952/index.html
Unicorn Tracks,Fantasy,£18.78,"

    
        In stock
    
",3,../media/cache/76/8e/768ea5924ac1ef6297c2be9959c796c2.jpg,unicorn-tracks_951/index.html
Unbound: How Eight Technologies ...,History,£25.52,"

    
        In stock
    
",1,../media/cache/4a/3b/4a3b055f9e378a95fedbef55e7bab7ce.jpg,unbound-how-eight-technologies-made-us-human-transformed-society-and-brought-our-world-to-the-brink_950/index.html
Tsubasa: WoRLD CHRoNiCLE 2 ...,Sequential Art,£16.28,"

    
        In stock
    
",1,../media/cache/36/df/36df4caaf1420b1183a8235355d39e69.jpg,tsubasa-world-chronicle-2-tsubasa-world-chronicle-2_949/index.html
Throwing Rocks at the ...,Nonfiction,£31.12,"

    
        In stock
    
",3,../media/cache/03/86/038650c9e7517b4baf2a423cd8eed38f.jpg,throwing-rocks-at-the-google-bus-how-growth-became-the-enemy-of-prosperity_948/index.html
This One Summer,Sequential Art,£19.49,"

    
        In stock
    
",4,../media/cache/c4/dd/c4ddd9ced89966b0602ec85e00cd5b61.jpg,this-one-summer_947/index.html
Thirst,Fiction,£17.27,"

    
        In stock
    
",5,../media/cache/c4/0a/c40a64f59e7487b1a80a049f6ceb2ba5.jpg,thirst_946/index.html
The Torch Is Passed: ...,Add a comment,£19.09,"

    
        In stock
    
",1,../media/cache/33/e5/33e507172541628acfd421503196b578.jpg,the-torch-is-passed-a-harding-family-story_945/index.html
The Secret of Dreadwillow ...,Childrens,£56.13,"

    
        In stock
    
",1,../media/cache/c4/a2/c4a2a1a026c67bcceb5a411c724d7d0c.jpg,the-secret-of-dreadwillow-carse_944/index.html
The Pioneer Woman Cooks: ...,Food and Drink,£56.41,"

    
        In stock
    
",1,../media/cache/b7/f4/b7f4843dbe062d44be1ffcfa16b2faa4.jpg,the-pioneer-woman-cooks-dinnertime-comfort-classics-freezer-food-16-minute-meals-and-other-delicious-ways-to-solve-supper_943/index.html
The Past Never Ends,Mystery,£56.50,"

    
        In stock
    
",4,../media/cache/89/b8/89b850edb01851a91f64ba114b96acb6.jpg,the-past-never-ends_942/index.html
The Natural History of ...,Young Adult,£45.22,"

    
        In stock
    
",3,../media/cache/5d/7f/5d7f496cdf5e5962a73ecdcc1505c1d5.jpg,the-natural-history-of-us-the-fine-art-of-pretending-2_941/index.html
The Nameless City (The ...,Sequential Art,£38.16,"

    
        In stock
    
",4,../media/cache/f4/79/f479de5f305c2ac0512702cf7155bb74.jpg,the-nameless-city-the-nameless-city-1_940/index.html
The Murder That Never ...,Fiction,£54.11,"

    
        In stock
    
",3,../media/cache/dc/44/dc44f8e2aebac48ca8553814d9b021a8.jpg,the-murder-that-never-was-forensic-instincts-5_939/index.html
The Most Perfect Thing: ...,Science,£42.96,"

    
        In stock
    
",4,../media/cache/d4/8d/d48d5122a15347e9fe2b15ad354d69bf.jpg,the-most-perfect-thing-inside-and-outside-a-birds-egg_938/index.html
The Mindfulness and Acceptance ...,Add a comment,£23.89,"

    
        In stock
    
",4,../media/cache/f8/6d/f86d08178e3788563ac17be5aefd29f0.jpg,the-mindfulness-and-acceptance-workbook-for-anxiety-a-guide-to-breaking-free-from-anxiety-phobias-and-worry-using-acceptance-and-commitment-therapy_937/index.html
The Life-Changing Magic of ...,Nonfiction,£16.77,"

    
        In stock
    
",3,../media/cache/95/64/95647d6a526bf54120b9445e124794e1.jpg,the-life-changing-magic-of-tidying-up-the-japanese-art-of-decluttering-and-organizing_936/index.html
The Inefficiency Assassin: Time ...,Default,£20.59,"

    
        In stock
    
",5,../media/cache/75/dc/75dce2f5949b407161f37f0af249b018.jpg,the-inefficiency-assassin-time-management-tactics-for-working-smarter-not-longer_935/index.html
The Gutsy Girl: Escapades ...,Nonfiction,£37.13,"

    
        In stock
    
",1,../media/cache/64/15/641570cd7e7aded53c7d33d78a9629f1.jpg,the-gutsy-girl-escapades-for-your-life-of-epic-adventure_934/index.html
The Electric Pencil: Drawings ...,Nonfiction,£56.06,"

    
        In stock
    
",1,../media/cache/2e/23/2e236e23ad52aa74505f224f6552eda8.jpg,the-electric-pencil-drawings-from-inside-state-hospital-no-3_933/index.html
The Death of Humanity: ...,Philosophy,£58.11,"

    
        In stock
    
",4,../media/cache/71/df/71df730cf38c232ee58a2e407135f055.jpg,the-death-of-humanity-and-the-case-for-life_932/index.html
The Bulletproof Diet: Lose ...,Health,£49.05,"

    
        In stock
    
",3,../media/cache/ee/3e/ee3e219d23e73ba71c79b700f183aaed.jpg,the-bulletproof-diet-lose-up-to-a-pound-a-day-reclaim-energy-and-focus-upgrade-your-life_931/index.html
The Art Forger,Add a comment,£40.76,"

    
        In stock
    
",3,../media/cache/70/fa/70fa6c0437d9c97dbeada6bd32bf9d2c.jpg,the-art-forger_930/index.html
The Age of Genius: ...,History,£19.73,"

    
        In stock
    
",1,../media/cache/2d/4e/2d4e358712e6c9f1d3bdd78d1a16e5a8.jpg,the-age-of-genius-the-seventeenth-century-and-the-birth-of-the-modern-mind_929/index.html
The Activist's Tao Te ...,Spirituality,£32.24,"

    
        In stock
    
",5,../media/cache/96/db/96db61bb53930c560fb4c1c62b583816.jpg,the-activists-tao-te-ching-ancient-advice-for-a-modern-revolution_928/index.html
Spark Joy: An Illustrated ...,Nonfiction,£41.83,"

    
        In stock
    
",4,../media/cache/f3/4f/f34ffb24cc21c9f9f52dad4fd8f3ac21.jpg,spark-joy-an-illustrated-master-class-on-the-art-of-organizing-and-tidying-up_927/index.html
Soul Reader,Default,£39.58,"

    
        In stock
    
",2,../media/cache/69/85/69852567cf97264a1442cbc882c84903.jpg,soul-reader_926/index.html
Security,Horror,£39.25,"

    
        In stock
    
",2,../media/cache/da/df/dadfac66a89774b46b10225362724c83.jpg,security_925/index.html
"Saga, Volume 6 (Saga ...",Fantasy,£25.02,"

    
        In stock
    
",3,../media/cache/43/ae/43aee83ebb31e2122a7215e413770e5c.jpg,saga-volume-6-saga-collected-editions-6_924/index.html
"Saga, Volume 5 (Saga ...",Sequential Art,£51.04,"

    
        In stock
    
",2,../media/cache/e1/ea/e1ea6cb36e62ae6dc7b805f68ab9a700.jpg,saga-volume-5-saga-collected-editions-5_923/index.html
Reskilling America: Learning to ...,Nonfiction,£19.83,"

    
        In stock
    
",2,../media/cache/97/f8/97f8debeeaaece9603267653076e760f.jpg,reskilling-america-learning-to-labor-in-the-twenty-first-century_922/index.html
"Rat Queens, Vol. 3: ...",Sequential Art,£50.40,"

    
        In stock
    
",3,../media/cache/f3/ef/f3efd43ae0fa85d9b325d5e8783e7af5.jpg,rat-queens-vol-3-demons-rat-queens-collected-editions-11-15_921/index.html
"Princess Jellyfish 2-in-1 Omnibus, ...",Sequential Art,£13.61,"

    
        In stock
    
",5,../media/cache/78/0b/780b2c28122750c2c383846155815bf7.jpg,princess-jellyfish-2-in-1-omnibus-vol-01-princess-jellyfish-2-in-1-omnibus-1_920/index.html
Princess Between Worlds (Wide-Awake ...,Fantasy,£13.34,"

    
        In stock
    
",5,../media/cache/b7/e8/b7e84b78be3d9bb79b71156a5e5d4e42.jpg,princess-between-worlds-wide-awake-princess-5_919/index.html
"Pop Gun War, Volume ...",Sequential Art,£18.97,"

    
        In stock
    
",1,../media/cache/c8/2f/c82f629a31b3f47bdb17ac14aa51076d.jpg,pop-gun-war-volume-1-gift_918/index.html
"Political Suicide: Missteps, Peccadilloes, ...",History,£36.28,"

    
        In stock
    
",2,../media/cache/64/44/6444dacdcb9edaadbbd691524622aeb8.jpg,political-suicide-missteps-peccadilloes-bad-calls-backroom-hijinx-sordid-pasts-rotten-breaks-and-just-plain-dumb-mistakes-in-the-annals-of-american-politics_917/index.html
Patience,Sequential Art,£10.16,"

    
        In stock
    
",3,../media/cache/01/72/01726c619a05114dca75bd840095016d.jpg,patience_916/index.html
"Outcast, Vol. 1: A ...",Sequential Art,£15.44,"

    
        In stock
    
",4,../media/cache/cb/00/cb004189f548d75ad430d3ed19e6daa9.jpg,outcast-vol-1-a-darkness-surrounds-him-outcast-1_915/index.html
orange: The Complete Collection ...,Sequential Art,£48.41,"

    
        In stock
    
",1,../media/cache/03/88/03886a8502ca54dbce0d91c2568ab69d.jpg,orange-the-complete-collection-1-orange-the-complete-collection-1_914/index.html
Online Marketing for Busy ...,Self Help,£46.35,"

    
        In stock
    
",1,../media/cache/ea/9b/ea9b2cb8abbb317402e618445bade1e1.jpg,online-marketing-for-busy-authors-a-step-by-step-guide_913/index.html
On a Midnight Clear,Add a comment,£14.07,"

    
        In stock
    
",3,../media/cache/a1/14/a114d70e7babf110ba42a389078e9a45.jpg,on-a-midnight-clear_912/index.html
Obsidian (Lux #1),Young Adult,£14.86,"

    
        In stock
    
",2,../media/cache/fc/72/fc72f158554b4b4164701e1dfa1153c7.jpg,obsidian-lux-1_911/index.html
My Paris Kitchen: Recipes ...,Food and Drink,£33.37,"

    
        In stock
    
",2,../media/cache/f5/65/f565af3d9dd20a1ad72a1e7c4157387d.jpg,my-paris-kitchen-recipes-and-stories_910/index.html
Masks and Shadows,Fantasy,£56.40,"

    
        In stock
    
",2,../media/cache/ff/e8/ffe81bf98f8386ef29e193abfb6f9c1e.jpg,masks-and-shadows_909/index.html
Mama Tried: Traditional Italian ...,Food and Drink,£14.02,"

    
        In stock
    
",4,../media/cache/10/c6/10c61093002db1fec4089d8076678624.jpg,mama-tried-traditional-italian-cooking-for-the-screwed-crude-vegan-and-tattooed_908/index.html
"Lumberjanes, Vol. 2: Friendship ...",Sequential Art,£46.91,"

    
        In stock
    
",2,../media/cache/d3/15/d3158e8d3546fb90cced3c1d44a92a34.jpg,lumberjanes-vol-2-friendship-to-the-max-lumberjanes-5-8_907/index.html
"Lumberjanes, Vol. 1: Beware ...",Sequential Art,£45.61,"

    
        In stock
    
",3,../media/cache/7e/a0/7ea062007ef00107e3c16d336b41fab2.jpg,lumberjanes-vol-1-beware-the-kitten-holy-lumberjanes-1-4_906/index.html
Lumberjanes Vol. 3: A ...,Sequential Art,£19.92,"

    
        In stock
    
",2,../media/cache/5f/b1/5fb1bf88dcfda795606745ce35be5975.jpg,lumberjanes-vol-3-a-terrible-plan-lumberjanes-9-12_905/index.html
"Layered: Baking, Building, and ...",Food and Drink,£40.11,"

    
        In stock
    
",1,../media/cache/98/d1/98d1c979c4bac9e147a6718946578b0f.jpg,layered-baking-building-and-styling-spectacular-cakes_904/index.html
Judo: Seven Steps to ...,Add a comment,£53.90,"

    
        In stock
    
",2,../media/cache/5f/52/5f52b1bc6d45daab2e330c744feb0359.jpg,judo-seven-steps-to-black-belt-an-introductory-guide-for-beginners_903/index.html
Join,Science Fiction,£35.67,"

    
        In stock
    
",5,../media/cache/93/63/9363f0065fbad5689f44fcf6e203eef3.jpg,join_902/index.html
In the Country We ...,Nonfiction,£22.00,"

    
        In stock
    
",4,../media/cache/fe/ea/feeafd2ad7b3077f8e74cbb1da9e3c7d.jpg,in-the-country-we-love-my-family-divided_901/index.html
Immunity: How Elie Metchnikoff ...,Science,£57.36,"

    
        In stock
    
",5,../media/cache/26/1c/261c4eaf957ae4aacf2229b482e76dbe.jpg,immunity-how-elie-metchnikoff-changed-the-course-of-modern-medicine_900/index.html
"I Hate Fairyland, Vol. ...",Sequential Art,£29.17,"

    
        In stock
    
",2,../media/cache/aa/74/aa74004807e97a79aa084b5db329a99b.jpg,i-hate-fairyland-vol-1-madly-ever-after-i-hate-fairyland-compilations-1-5_899/index.html
I am a Hero ...,Sequential Art,£54.63,"

    
        In stock
    
",3,../media/cache/16/d4/16d443437126bf6d536a89312c1995a5.jpg,i-am-a-hero-omnibus-volume-1_898/index.html
How to Be Miserable: ...,Self Help,£46.03,"

    
        In stock
    
",1,../media/cache/da/8b/da8bc9b824dd3f446ef63e438ddbfc85.jpg,how-to-be-miserable-40-strategies-you-already-use_897/index.html
Her Backup Boyfriend (The ...,Romance,£33.97,"

    
        In stock
    
",1,../media/cache/1e/bb/1ebbbc3e2d3249b111033cfc40763b0b.jpg,her-backup-boyfriend-the-sorensen-family-1_896/index.html
"Giant Days, Vol. 2 ...",Sequential Art,£22.11,"

    
        In stock
    
",2,../media/cache/90/6f/906f0168b0e155a7077625499b1737b5.jpg,giant-days-vol-2-giant-days-5-8_895/index.html
Forever and Forever: The ...,Historical Fiction,£29.69,"

    
        In stock
    
",3,../media/cache/d6/58/d658a1485b130ff26ca5fb0d5975ed2e.jpg,forever-and-forever-the-courtship-of-henry-longfellow-and-fanny-appleton_894/index.html
First and First (Five ...,Romance,£15.97,"

    
        In stock
    
",4,../media/cache/c4/d1/c4d1517cc9370e292366b6132ca9ca36.jpg,first-and-first-five-boroughs-3_893/index.html
Fifty Shades Darker (Fifty ...,Romance,£21.96,"

    
        In stock
    
",1,../media/cache/cc/bd/ccbdae9e29b3594301528fa2c876ec29.jpg,fifty-shades-darker-fifty-shades-2_892/index.html
Everydata: The Misinformation Hidden ...,Nonfiction,£54.35,"

    
        In stock
    
",2,../media/cache/64/94/6494bf61176ca73b61255909230030be.jpg,everydata-the-misinformation-hidden-in-the-little-data-you-consume-every-day_891/index.html
Don't Be a Jerk: ...,Religion,£37.97,"

    
        In stock
    
",2,../media/cache/95/30/953013d044aa313cc162dec414f3969a.jpg,dont-be-a-jerk-and-other-practical-advice-from-dogen-japans-greatest-zen-master_890/index.html
Danganronpa Volume 1,Sequential Art,£51.99,"

    
        In stock
    
",4,../media/cache/78/97/7897eea91c4a85aca58d925861d4afec.jpg,danganronpa-volume-1_889/index.html
Crown of Midnight (Throne ...,Fantasy,£43.29,"

    
        In stock
    
",3,../media/cache/66/25/6625e3bbb050de3e42a0c302c0d69f1f.jpg,crown-of-midnight-throne-of-glass-2_888/index.html
"Codename Baboushka, Volume 1: ...",Sequential Art,£36.72,"

    
        In stock
    
",4,../media/cache/f6/88/f688a9d6a89fdf38e4e88439ee9eda69.jpg,codename-baboushka-volume-1-the-conclave-of-death_887/index.html
Camp Midnight,Sequential Art,£17.08,"

    
        In stock
    
",4,../media/cache/dd/c9/ddc95df6754df8e71bf969c088056188.jpg,camp-midnight_886/index.html
Call the Nurse: True ...,Nonfiction,£29.14,"

    
        In stock
    
",5,../media/cache/88/9e/889e0bac4c7c0e7178f0165b8d3b4617.jpg,call-the-nurse-true-stories-of-a-country-nurse-on-a-scottish-isle_885/index.html
Burning,Young Adult,£28.81,"

    
        In stock
    
",3,../media/cache/26/95/269507c7bb35d2cec9b61a03d1c28e67.jpg,burning_884/index.html
Bossypants,Default,£49.46,"

    
        In stock
    
",2,../media/cache/27/d2/27d20361745ec2f7be668b18a4da29da.jpg,bossypants_883/index.html
"Bitch Planet, Vol. 1: ...",Sequential Art,£37.92,"

    
        In stock
    
",2,../media/cache/e4/1d/e41d34204a1fffbf825d8beb3dbf4cbc.jpg,bitch-planet-vol-1-extraordinary-machine-bitch-planet-collected-editions_882/index.html
Avatar: The Last Airbender: ...,Fantasy,£28.09,"

    
        In stock
    
",2,../media/cache/06/18/061811c5845d0e13bc04b2a755f0830f.jpg,avatar-the-last-airbender-smoke-and-shadow-part-3-smoke-and-shadow-3_881/index.html
Algorithms to Live By: ...,Nonfiction,£30.81,"

    
        In stock
    
",1,../media/cache/23/b4/23b42e094c02d52b14b11a960d49610e.jpg,algorithms-to-live-by-the-computer-science-of-human-decisions_880/index.html
A World of Flavor: ...,Default,£42.95,"

    
        In stock
    
",1,../media/cache/78/2e/782e315667ec50759b8603527ee33dec.jpg,a-world-of-flavor-your-gluten-free-passport_879/index.html
"A Piece of Sky, ...",Default,£56.76,"

    
        In stock
    
",5,../media/cache/08/89/088995e862aac86c88c608d763f6390e.jpg,a-piece-of-sky-a-grain-of-rice-a-memoir-in-four-meditations_878/index.html
A Murder in Time,Mystery,£16.64,"

    
        In stock
    
",1,../media/cache/11/aa/11aaad48b5f15e262456ca65294084da.jpg,a-murder-in-time_877/index.html
A Flight of Arrows ...,Historical Fiction,£55.53,"

    
        In stock
    
",5,../media/cache/82/96/8296f92b70fb1dafefecda92c1d51941.jpg,a-flight-of-arrows-the-pathfinders-2_876/index.html
A Fierce and Subtle ...,Young Adult,£28.13,"

    
        In stock
    
",4,../media/cache/12/f1/12f1963957f27fa83d51f76b183ef490.jpg,a-fierce-and-subtle-poison_875/index.html
A Court of Thorns ...,Fantasy,£52.37,"

    
        In stock
    
",1,../media/cache/c0/88/c08816960890396213a423941af65b8f.jpg,a-court-of-thorns-and-roses-a-court-of-thorns-and-roses-1_874/index.html
(Un)Qualified: How God Uses ...,Christian,£54.00,"

    
        In stock
    
",5,../media/cache/cd/db/cddb3eb483ef11a088d519205b7098fb.jpg,unqualified-how-god-uses-broken-people-to-do-big-things_873/index.html
You Are What You ...,Religion,£21.87,"

    
        In stock
    
",4,../media/cache/6b/70/6b70f2cdb17d9ab7551240a88b9211fe.jpg,you-are-what-you-love-the-spiritual-power-of-habit_872/index.html
William Shakespeare's Star Wars: ...,Science Fiction,£43.30,"

    
        In stock
    
",4,../media/cache/02/37/0237b445efc18c5562355a5a2c40889c.jpg,william-shakespeares-star-wars-verily-a-new-hope-william-shakespeares-star-wars-4_871/index.html
Tuesday Nights in 1980,Fiction,£21.04,"

    
        In stock
    
",2,../media/cache/6b/da/6bdae061cb92c32b0b83cda8dd10275d.jpg,tuesday-nights-in-1980_870/index.html
Tracing Numbers on a ...,Default,£41.60,"

    
        In stock
    
",3,../media/cache/06/a6/06a6cfcf89afd1601cbba1a16cda57fb.jpg,tracing-numbers-on-a-train_869/index.html
Throne of Glass (Throne ...,Fantasy,£35.07,"

    
        In stock
    
",3,../media/cache/32/d6/32d6aa560e8ddf2a4da1526b95d4c7ab.jpg,throne-of-glass-throne-of-glass-1_868/index.html
Thomas Jefferson and the ...,History,£59.64,"

    
        In stock
    
",1,../media/cache/97/47/974709d437b08e74649b5744471bf472.jpg,thomas-jefferson-and-the-tripoli-pirates-the-forgotten-war-that-changed-american-history_867/index.html
Thirteen Reasons Why,Default,£52.72,"

    
        In stock
    
",1,../media/cache/8a/83/8a83b6ce350f01bab21f85e6ba539316.jpg,thirteen-reasons-why_866/index.html
The White Cat and ...,Childrens,£58.08,"

    
        In stock
    
",4,../media/cache/26/32/2632a1e12f2c085fabbe022ae4cd6933.jpg,the-white-cat-and-the-monk-a-retelling-of-the-poem-pangur-ban_865/index.html
The Wedding Dress,Romance,£24.12,"

    
        In stock
    
",1,../media/cache/28/99/28992d89f4abf54fba183fc8d074adf3.jpg,the-wedding-dress_864/index.html
The Vacationers,Fiction,£42.15,"

    
        In stock
    
",4,../media/cache/37/25/372578cc073efae80cf284b56040a488.jpg,the-vacationers_863/index.html
The Third Wave: An ...,Business,£12.61,"

    
        In stock
    
",5,../media/cache/d0/77/d077a30042df6b916bfc8d257345c69e.jpg,the-third-wave-an-entrepreneurs-vision-of-the-future_862/index.html
The Stranger,Philosophy,£17.44,"

    
        In stock
    
",4,../media/cache/ea/04/ea0476a6f4c318ceccf5e2f2b39f2b15.jpg,the-stranger_861/index.html
The Shadow Hero (The ...,Sequential Art,£33.14,"

    
        In stock
    
",1,../media/cache/1f/62/1f621dda1b302fc16d83d94b0b5ac31c.jpg,the-shadow-hero-the-shadow-hero_860/index.html
The Secret (The Secret ...,Default,£27.37,"

    
        In stock
    
",4,../media/cache/4e/0f/4e0f05ae01d8fb6bd0d3901edd06de16.jpg,the-secret-the-secret-1_859/index.html
The Regional Office Is ...,Fiction,£51.36,"

    
        In stock
    
",5,../media/cache/f8/31/f8314c7fdaa79fb7191a583e9a852db8.jpg,the-regional-office-is-under-attack_858/index.html
The Psychopath Test: A ...,Default,£36.00,"

    
        In stock
    
",2,../media/cache/34/f5/34f5f8e513c5f048241f5695e61b2483.jpg,the-psychopath-test-a-journey-through-the-madness-industry_857/index.html
The Project,Science Fiction,£10.65,"

    
        In stock
    
",1,../media/cache/10/6e/106e2fc7160712edf8e2ff996dc8cd6c.jpg,the-project_856/index.html
The Power of Now: ...,Nonfiction,£43.54,"

    
        In stock
    
",2,../media/cache/03/38/0338682e76bad3216cd4c6c28b2b625a.jpg,the-power-of-now-a-guide-to-spiritual-enlightenment_855/index.html
The Omnivore's Dilemma: A ...,Nonfiction,£38.21,"

    
        In stock
    
",2,../media/cache/14/f3/14f3d525e2a114cd71e27201a16af188.jpg,the-omnivores-dilemma-a-natural-history-of-four-meals_854/index.html
The Nerdy Nummies Cookbook: ...,Food and Drink,£37.34,"

    
        In stock
    
",5,../media/cache/61/bd/61bdfe3950643c47d70c37c4123530f3.jpg,the-nerdy-nummies-cookbook-sweet-treats-for-the-geek-in-all-of-us_853/index.html
The Murder of Roger ...,Mystery,£44.10,"

    
        In stock
    
",4,../media/cache/29/fe/29fe70b1b2e5a9ba61d4bd331255e19e.jpg,the-murder-of-roger-ackroyd-hercule-poirot-4_852/index.html
The Mistake (Off-Campus #2),New Adult,£43.29,"

    
        In stock
    
",3,../media/cache/a5/43/a543b100a8c1861c1bf5374ca6b576fe.jpg,the-mistake-off-campus-2_851/index.html
The Matchmaker's Playbook (Wingmen ...,New Adult,£55.85,"

    
        In stock
    
",1,../media/cache/84/ac/84acb0606c96e55dc729a9d6572a08fb.jpg,the-matchmakers-playbook-wingmen-inc-1_850/index.html
The Love and Lemons ...,Food and Drink,£37.60,"

    
        In stock
    
",2,../media/cache/0d/1f/0d1f3f934460f5a50aaa8c366641234c.jpg,the-love-and-lemons-cookbook-an-apple-to-zucchini-celebration-of-impromptu-cooking_849/index.html
The Long Shadow of ...,Crime,£10.97,"

    
        In stock
    
",1,../media/cache/f2/e5/f2e51dd2b26600459f8eaeb6b9eecaa7.jpg,the-long-shadow-of-small-ghosts-murder-and-memory-in-an-american-city_848/index.html
The Kite Runner,Default,£41.82,"

    
        In stock
    
",4,../media/cache/58/9d/589d73503d9a23d224de836134fae553.jpg,the-kite-runner_847/index.html
The House by the ...,Historical Fiction,£36.95,"

    
        In stock
    
",1,../media/cache/0d/cb/0dcb33d60b0e79adf8ab9842e697ea2e.jpg,the-house-by-the-lake_846/index.html
The Glittering Court (The ...,Fantasy,£44.28,"

    
        In stock
    
",1,../media/cache/3e/0b/3e0b16851bec08b6cbf78d5f64af9114.jpg,the-glittering-court-the-glittering-court-1_845/index.html
The Girl on the ...,Default,£55.02,"

    
        In stock
    
",2,../media/cache/25/6c/256c946dd0962095f66c6de3b15ab300.jpg,the-girl-on-the-train_844/index.html
The Genius of Birds,Nonfiction,£17.24,"

    
        In stock
    
",1,../media/cache/13/57/1357c6aa40c9e63d2f931927fbf81f3f.jpg,the-genius-of-birds_843/index.html
The Emerald Mystery,Default,£23.15,"

    
        In stock
    
",2,../media/cache/81/58/81586cd0bf8743e1f5ed80b6a0e1fabe.jpg,the-emerald-mystery_842/index.html
The Cookies & Cups ...,Food and Drink,£41.25,"

    
        In stock
    
",1,../media/cache/54/89/54899b4584e941ceced511d81092c88a.jpg,the-cookies-cups-cookbook-125-sweet-savory-recipes-reminding-you-to-always-eat-dessert-first_841/index.html
The Bridge to Consciousness: ...,Default,£32.00,"

    
        In stock
    
",3,../media/cache/fe/b7/feb764b2afa54991cfdbbffdf501b333.jpg,the-bridge-to-consciousness-im-writing-the-bridge-between-science-and-our-old-and-new-beliefs_840/index.html
The Artist's Way: A ...,Nonfiction,£38.49,"

    
        In stock
    
",5,../media/cache/0e/6d/0e6dc2484322c5b9e7854ced66fdf62d.jpg,the-artists-way-a-spiritual-path-to-higher-creativity_839/index.html
The Art of War,Default,£33.34,"

    
        In stock
    
",5,../media/cache/6d/71/6d71e36c8b1b9c885e1bb6c72cd8bcf8.jpg,the-art-of-war_838/index.html
The Argonauts,Autobiography,£10.93,"

    
        In stock
    
",2,../media/cache/0a/15/0a1567cd04a6582d333db71337b4e2a6.jpg,the-argonauts_837/index.html
The 10% Entrepreneur: Live ...,Business,£27.55,"

    
        In stock
    
",3,../media/cache/82/93/82939ca78da0b724f16ec814849514fd.jpg,the-10-entrepreneur-live-your-startup-dream-without-quitting-your-day-job_836/index.html
Suddenly in Love (Lake ...,Romance,£55.99,"

    
        In stock
    
",2,../media/cache/e9/f4/e9f4bc8cf5ffaea1504623c936e90a48.jpg,suddenly-in-love-lake-haven-1_835/index.html
Something More Than This,Romance,£16.24,"

    
        In stock
    
",4,../media/cache/59/10/5910fbd8a95e8e9de9c660b71e0694e2.jpg,something-more-than-this_834/index.html
Soft Apocalypse,Science Fiction,£26.12,"

    
        In stock
    
",2,../media/cache/f0/06/f0060c756556b855184fa32f66280961.jpg,soft-apocalypse_833/index.html
So You've Been Publicly ...,Nonfiction,£12.23,"

    
        In stock
    
",2,../media/cache/6e/d4/6ed4991d97f60db29ec7b421e61a2cf3.jpg,so-youve-been-publicly-shamed_832/index.html
Shoe Dog: A Memoir ...,Business,£23.99,"

    
        In stock
    
",2,../media/cache/19/aa/19aa1184a3565b1dae6092146018e109.jpg,shoe-dog-a-memoir-by-the-creator-of-nike_831/index.html
"Shobu Samurai, Project Aryoku ...",Add a comment,£29.06,"

    
        In stock
    
",3,../media/cache/ae/0c/ae0ccc307568b6d7699786411f3cbcc4.jpg,shobu-samurai-project-aryoku-3_830/index.html
Secrets and Lace (Fatal ...,Default,£20.27,"

    
        In stock
    
",1,../media/cache/84/7c/847c06b541e2a3b2228b96d97a5fe7a6.jpg,secrets-and-lace-fatal-hearts-1_829/index.html
Scarlett Epstein Hates It ...,Young Adult,£43.55,"

    
        In stock
    
",5,../media/cache/0f/d3/0fd306891f8fd3196653022fd67d6c87.jpg,scarlett-epstein-hates-it-here_828/index.html
Romero and Juliet: A ...,Default,£36.94,"

    
        In stock
    
",1,../media/cache/12/f8/12f8002e5aab6d783e29b31aad36b5ba.jpg,romero-and-juliet-a-tragic-tale-of-love-and-zombies_827/index.html
Redeeming Love,Christian Fiction,£20.47,"

    
        In stock
    
",5,../media/cache/21/21/2121ba78e26194d92c334fde3850f840.jpg,redeeming-love_826/index.html
Poses for Artists Volume ...,Default,£41.06,"

    
        In stock
    
",1,../media/cache/5a/89/5a89e2dd7866dda6660fe508bc4b5249.jpg,poses-for-artists-volume-1-dynamic-and-sitting-poses-an-essential-reference-for-figure-drawing-and-the-human-form_825/index.html
Poems That Make Grown ...,Poetry,£14.19,"

    
        In stock
    
",4,../media/cache/38/64/386468a8c3e6b880664bf7885bf6f726.jpg,poems-that-make-grown-women-cry_824/index.html
"Nightingale, Sing",Young Adult,£38.28,"

    
        In stock
    
",1,../media/cache/18/08/18086e581ad354aa65f945c2b5c51350.jpg,nightingale-sing_823/index.html
Night Sky with Exit ...,Poetry,£41.05,"

    
        In stock
    
",1,../media/cache/25/54/2554431c797ec725eea50b3f8a83758c.jpg,night-sky-with-exit-wounds_822/index.html
Mrs. Houdini,Historical Fiction,£30.25,"

    
        In stock
    
",5,../media/cache/0e/fe/0efe86960cdff718aed01a5c3f65b1c3.jpg,mrs-houdini_821/index.html
Modern Romance,Add a comment,£28.26,"

    
        In stock
    
",5,../media/cache/28/78/2878538a1039d9c4649110499a1393fb.jpg,modern-romance_820/index.html
Miss Peregrine’s Home for ...,Default,£10.76,"

    
        In stock
    
",1,../media/cache/01/26/01264865c12ed6d987d6f0858cd1d0ba.jpg,miss-peregrines-home-for-peculiar-children-miss-peregrines-peculiar-children-1_819/index.html
Louisa: The Extraordinary Life ...,Biography,£16.85,"

    
        In stock
    
",2,../media/cache/6f/d9/6fd92e5143cbd5bb8bcf034e5f007dde.jpg,louisa-the-extraordinary-life-of-mrs-adams_818/index.html
Little Red,Childrens,£13.47,"

    
        In stock
    
",3,../media/cache/80/25/8025b80a40178f2a6dd4f99ad88e0fba.jpg,little-red_817/index.html
Library of Souls (Miss ...,Young Adult,£48.56,"

    
        In stock
    
",5,../media/cache/f8/54/f85417465a73e33604624205ba8306cc.jpg,library-of-souls-miss-peregrines-peculiar-children-3_816/index.html
Large Print Heart of ...,Default,£19.15,"

    
        In stock
    
",2,../media/cache/bd/e9/bde95ab9f776c911a7aa759cad60bb41.jpg,large-print-heart-of-the-pride_815/index.html
I Had a Nice ...,Womens Fiction,£57.36,"

    
        In stock
    
",4,../media/cache/5f/72/5f72c8a0d5a7292e2929a354ec8a022f.jpg,i-had-a-nice-time-and-other-lies-how-to-find-love-sht-like-that_814/index.html
Hollow City (Miss Peregrine’s ...,Fantasy,£42.98,"

    
        In stock
    
",1,../media/cache/e2/60/e260b008b7ea7970562295b7bc64b0cb.jpg,hollow-city-miss-peregrines-peculiar-children-2_813/index.html
Grumbles,Default,£22.16,"

    
        In stock
    
",2,../media/cache/d6/1b/d61b12ef0e69d49e2645537dd6a8472a.jpg,grumbles_812/index.html
Full Moon over Noah’s ...,Travel,£49.43,"

    
        In stock
    
",4,../media/cache/57/77/57770cac1628f4407636635f4b85e88c.jpg,full-moon-over-noahs-ark-an-odyssey-to-mount-ararat-and-beyond_811/index.html
Frostbite (Vampire Academy #2),Young Adult,£29.99,"

    
        In stock
    
",5,../media/cache/71/76/7176317f1915fa0658bb2fe400441207.jpg,frostbite-vampire-academy-2_810/index.html
Follow You Home,Horror,£21.36,"

    
        In stock
    
",1,../media/cache/a7/4b/a74b35375ce874153fd352e33bc7bac9.jpg,follow-you-home_809/index.html
First Steps for New ...,Default,£29.00,"

    
        In stock
    
",1,../media/cache/f1/73/f1731459b1e2f4becf2c52b8f30b8cd7.jpg,first-steps-for-new-christians-print-edition_808/index.html
Finders Keepers (Bill Hodges ...,Fiction,£53.53,"

    
        In stock
    
",5,../media/cache/6a/81/6a81103b1c01a3f6c56e5718a838a4c8.jpg,finders-keepers-bill-hodges-trilogy-2_807/index.html
"Fables, Vol. 1: Legends ...",Sequential Art,£41.62,"

    
        In stock
    
",4,../media/cache/51/8c/518c184a793b751b43045637c8002eb7.jpg,fables-vol-1-legends-in-exile-fables-1_806/index.html
Eureka Trivia 6.0,Default,£54.59,"

    
        In stock
    
",4,../media/cache/96/17/96173470df6fc6fef4d0008e957653ce.jpg,eureka-trivia-60_805/index.html
Drive: The Surprising Truth ...,Default,£34.95,"

    
        In stock
    
",4,../media/cache/8a/49/8a490347afdc10abe7c2099e466de32f.jpg,drive-the-surprising-truth-about-what-motivates-us_804/index.html
Done Rubbed Out (Reightman ...,Default,£37.72,"

    
        In stock
    
",5,../media/cache/08/4d/084da0199a717cb6c1eda30f98d0ea4c.jpg,done-rubbed-out-reightman-bailey-1_803/index.html
Doing It Over (Most ...,Romance,£35.61,"

    
        In stock
    
",3,../media/cache/e9/25/e9250495a525eb203652ad9da85ccb8e.jpg,doing-it-over-most-likely-to-1_802/index.html
Deliciously Ella Every Day: ...,Food and Drink,£42.16,"

    
        In stock
    
",3,../media/cache/20/f2/20f28657b49f8cb24ed2ec6448bb6df3.jpg,deliciously-ella-every-day-quick-and-easy-recipes-for-gluten-free-snacks-packed-lunches-and-simple-meals_801/index.html
Dark Notes,Erotica,£19.19,"

    
        In stock
    
",5,../media/cache/6e/4e/6e4e8f4f4abd94356a9be840e4681e65.jpg,dark-notes_800/index.html
Daring Greatly: How the ...,Nonfiction,£19.43,"

    
        In stock
    
",3,../media/cache/55/ce/55ced903becc59121d6edb47a4dcfb56.jpg,daring-greatly-how-the-courage-to-be-vulnerable-transforms-the-way-we-live-love-parent-and-lead_799/index.html
Close to You,Christian Fiction,£49.46,"

    
        In stock
    
",4,../media/cache/fa/f6/faf6d69a42f477e1da80a71f05a4dc25.jpg,close-to-you_798/index.html
Chasing Heaven: What Dying ...,Spirituality,£37.80,"

    
        In stock
    
",2,../media/cache/b7/6a/b76a73640d26b09c4a6f373b09050bed.jpg,chasing-heaven-what-dying-taught-me-about-living_797/index.html
Big Magic: Creative Living ...,Nonfiction,£30.80,"

    
        In stock
    
",3,../media/cache/62/ad/62ad9b4077416ddc0c4908062bca0e5e.jpg,big-magic-creative-living-beyond-fear_796/index.html
Becoming Wise: An Inquiry ...,Nonfiction,£27.43,"

    
        In stock
    
",2,../media/cache/ff/69/ff69c96b05affa03f647287e46210bf9.jpg,becoming-wise-an-inquiry-into-the-mystery-and-art-of-living_795/index.html
Beauty Restored (Riley Family ...,Default,£11.11,"

    
        In stock
    
",2,../media/cache/51/6f/516f605a957a1f5592b81f4e06c491bb.jpg,beauty-restored-riley-family-legacy-novellas-3_794/index.html
Batman: The Long Halloween ...,Sequential Art,£36.50,"

    
        In stock
    
",2,../media/cache/78/a7/78a7f184a4d6d62412861c68f1c3ad90.jpg,batman-the-long-halloween-batman_793/index.html
Batman: The Dark Knight ...,Sequential Art,£15.38,"

    
        In stock
    
",5,../media/cache/be/a9/bea95dbd7b2a843519c9a1dcfc433f9b.jpg,batman-the-dark-knight-returns-batman_792/index.html
Ayumi's Violin,Default,£15.48,"

    
        In stock
    
",2,../media/cache/fa/18/fa18c44fba20b8191f6a88e2e28092fd.jpg,ayumis-violin_791/index.html
Anonymous,Default,£46.82,"

    
        In stock
    
",4,../media/cache/fb/75/fb75a0ce3e0b01fa3852806c6d1f1af6.jpg,anonymous_790/index.html
Amy Meets the Saints ...,Default,£18.46,"

    
        In stock
    
",3,../media/cache/00/53/0053efa8515b8e2ad9b029c298766e9f.jpg,amy-meets-the-saints-and-sages_789/index.html
Amid the Chaos,Cultural,£36.58,"

    
        In stock
    
",1,../media/cache/52/46/524655fade1d9fe1475395a3eaff827a.jpg,amid-the-chaos_788/index.html
Amatus,Default,£50.54,"

    
        In stock
    
",5,../media/cache/8f/92/8f92c3b5dc8f5c1a23324bda7477b19c.jpg,amatus_787/index.html
Agnostic: A Spirited Manifesto,Nonfiction,£12.51,"

    
        In stock
    
",5,../media/cache/9f/fc/9ffc43826233092d2acb4414f86627eb.jpg,agnostic-a-spirited-manifesto_786/index.html
Zealot: The Life and ...,History,£24.70,"

    
        In stock
    
",3,../media/cache/3d/60/3d6003fc37b842a07c2dbe28e47448e1.jpg,zealot-the-life-and-times-of-jesus-of-nazareth_785/index.html
You (You #1),Thriller,£43.61,"

    
        In stock
    
",5,../media/cache/d6/97/d697268540fa982f4dce39f61ed3a342.jpg,you-you-1_784/index.html
"Wonder Woman: Earth One, ...",Sequential Art,£37.34,"

    
        In stock
    
",4,../media/cache/19/39/19396172462f4cc0504d4e6e8b0e1647.jpg,wonder-woman-earth-one-volume-one-wonder-woman-earth-one-1_783/index.html
Wild Swans,Young Adult,£14.36,"

    
        In stock
    
",2,../media/cache/bb/72/bb723ad463531c602ad8bcb244253bf3.jpg,wild-swans_782/index.html
Why the Right Went ...,Politics,£52.65,"

    
        In stock
    
",4,../media/cache/db/1b/db1babd3c09b84da800b0e9897fe0097.jpg,why-the-right-went-wrong-conservatism-from-goldwater-to-the-tea-party-and-beyond_781/index.html
Whole Lotta Creativity Going ...,Nonfiction,£38.20,"

    
        In stock
    
",4,../media/cache/ba/36/ba368dfb2b6ae9979ff59d049c626167.jpg,whole-lotta-creativity-going-on-60-fun-and-unusual-exercises-to-awaken-and-strengthen-your-creativity_780/index.html
What's It Like in ...,Nonfiction,£19.60,"

    
        In stock
    
",2,../media/cache/43/b7/43b70859e93901b019791cef86539ffc.jpg,whats-it-like-in-space-stories-from-astronauts-whove-been-there_779/index.html
"We Are Robin, Vol. ...",Sequential Art,£53.90,"

    
        In stock
    
",1,../media/cache/66/d6/66d6d2b4c0acfa8f40ad0285186ed2d8.jpg,we-are-robin-vol-1-the-vigilante-business-we-are-robin-1_778/index.html
Walt Disney's Alice in ...,Childrens,£12.96,"

    
        In stock
    
",5,../media/cache/28/50/2850439c2ba103fb69dba9cd2dd9f0c2.jpg,walt-disneys-alice-in-wonderland_777/index.html
V for Vendetta (V ...,Default,£37.10,"

    
        In stock
    
",4,../media/cache/cc/8f/cc8fb914bfee31a7903a5cabaae64796.jpg,v-for-vendetta-v-for-vendetta-complete_776/index.html
Until Friday Night (The ...,Young Adult,£46.31,"

    
        In stock
    
",2,../media/cache/19/cf/19cf50aea5bf0e8f4bc016f3745b3dfe.jpg,until-friday-night-the-field-party-1_775/index.html
Unbroken: A World War ...,Default,£45.95,"

    
        In stock
    
",2,../media/cache/74/cd/74cd3f345b50452c3be6631669f13aa8.jpg,unbroken-a-world-war-ii-story-of-survival-resilience-and-redemption_774/index.html
Twenty Yawns,Childrens,£22.08,"

    
        In stock
    
",2,../media/cache/2b/38/2b380f77723c797c0389f978afa6db58.jpg,twenty-yawns_773/index.html
Through the Woods,Sequential Art,£25.38,"

    
        In stock
    
",2,../media/cache/4c/af/4caf8f2a5ee8828d408cc8faadd3419c.jpg,through-the-woods_772/index.html
This Is Where It ...,Young Adult,£27.12,"

    
        In stock
    
",2,../media/cache/18/0b/180bfe1902cb3c0eb77d7c712efa2a96.jpg,this-is-where-it-ends_771/index.html
The Year of Magical ...,Nonfiction,£43.04,"

    
        In stock
    
",2,../media/cache/bf/e5/bfe526c22c7c08235c27a6474ebb4db9.jpg,the-year-of-magical-thinking_770/index.html
The Wright Brothers,Default,£56.80,"

    
        In stock
    
",4,../media/cache/02/2e/022e8b81ba1405991401bb46d6330c73.jpg,the-wright-brothers_769/index.html
The White Queen (The ...,Add a comment,£25.91,"

    
        In stock
    
",5,../media/cache/72/d8/72d861617b6d3aababe6e61e8d3c1056.jpg,the-white-queen-the-cousins-war-1_768/index.html
The Wedding Pact (The ...,Romance,£32.61,"

    
        In stock
    
",3,../media/cache/7e/67/7e67addd80caaf8a9f9e9daa9cf66bb2.jpg,the-wedding-pact-the-omalleys-2_767/index.html
The Time Keeper,Fiction,£27.88,"

    
        In stock
    
",5,../media/cache/8f/f8/8ff8680dde59ea739d6978a01e4d7fe5.jpg,the-time-keeper_766/index.html
The Testament of Mary,Fiction,£52.67,"

    
        In stock
    
",4,../media/cache/83/05/8305154438c91a02cefacf4ec8b53393.jpg,the-testament-of-mary_765/index.html
The Star-Touched Queen,Fantasy,£46.02,"

    
        In stock
    
",5,../media/cache/53/5e/535e2be0b423797c2cdc7d98882c820a.jpg,the-star-touched-queen_764/index.html
The Songs of the ...,Default,£44.48,"

    
        In stock
    
",5,../media/cache/6c/a3/6ca34db7c01e554ad17bd3be74b561e3.jpg,the-songs-of-the-gods_763/index.html
The Song of Achilles,Add a comment,£37.40,"

    
        In stock
    
",5,../media/cache/66/f7/66f79b76d6c6b64fcc8110515c454e09.jpg,the-song-of-achilles_762/index.html
The Rosie Project (Don ...,Default,£54.04,"

    
        In stock
    
",1,../media/cache/f0/db/f0db1cf76d45f0522d4c8c3c39aa0dd8.jpg,the-rosie-project-don-tillman-1_761/index.html
The Power of Habit: ...,Default,£16.88,"

    
        In stock
    
",3,../media/cache/52/df/52dfc44f48cf29e7a9e305bcb63e1899.jpg,the-power-of-habit-why-we-do-what-we-do-in-life-and-business_760/index.html
The Marriage of Opposites,Historical Fiction,£28.08,"

    
        In stock
    
",4,../media/cache/0f/c2/0fc21ec3489cb23116778ee84f425eca.jpg,the-marriage-of-opposites_759/index.html
The Lucifer Effect: Understanding ...,Psychology,£10.40,"

    
        In stock
    
",1,../media/cache/a6/c8/a6c8256b123493472591c5855c7de704.jpg,the-lucifer-effect-understanding-how-good-people-turn-evil_758/index.html
The Long Haul (Diary ...,Humor,£44.07,"

    
        In stock
    
",1,../media/cache/46/bd/46bdee520b8136972262fd040533772d.jpg,the-long-haul-diary-of-a-wimpy-kid-9_757/index.html
The Loney,Horror,£23.40,"

    
        In stock
    
",1,../media/cache/6d/10/6d10387a0175701d4ff456a0c7eee67b.jpg,the-loney_756/index.html
The Literature Book (Big ...,Nonfiction,£17.43,"

    
        In stock
    
",3,../media/cache/9e/ea/9eea51ac4a15d18aa976be459da30c47.jpg,the-literature-book-big-ideas-simply-explained_755/index.html
The Last Mile (Amos ...,Mystery,£54.21,"

    
        In stock
    
",2,../media/cache/37/f1/37f118b4a56d866e1e8b563759d6966c.jpg,the-last-mile-amos-decker-2_754/index.html
The Immortal Life of ...,Add a comment,£40.67,"

    
        In stock
    
",2,../media/cache/94/ac/94ac87da7b40853013093f08356efa3b.jpg,the-immortal-life-of-henrietta-lacks_753/index.html
The Hidden Oracle (The ...,Fantasy,£52.26,"

    
        In stock
    
",2,../media/cache/b4/67/b467a4f01ca6ae8464b9425a156c7c32.jpg,the-hidden-oracle-the-trials-of-apollo-1_752/index.html
The Help Yourself Cookbook ...,Food and Drink,£28.77,"

    
        In stock
    
",3,../media/cache/c4/dc/c4dcec6f513eaca3f0f3c748d834c46d.jpg,the-help-yourself-cookbook-for-kids-60-easy-plant-based-recipes-kids-can-make-to-stay-healthy-and-save-the-earth_751/index.html
The Guilty (Will Robie ...,Thriller,£13.82,"

    
        In stock
    
",2,../media/cache/76/de/76deee06ffe45e646c0113af01f4f401.jpg,the-guilty-will-robie-4_750/index.html
The First Hostage (J.B. ...,Fiction,£25.85,"

    
        In stock
    
",3,../media/cache/38/34/3834572e651cdc14b18d348fa4875aa9.jpg,the-first-hostage-jb-collins-2_749/index.html
The Dovekeepers,Add a comment,£48.78,"

    
        In stock
    
",1,../media/cache/8f/3f/8f3f4d67e30a8129577ccc4664998345.jpg,the-dovekeepers_748/index.html
The Darkest Lie,Young Adult,£35.35,"

    
        In stock
    
",5,../media/cache/1d/3c/1d3c05b772ab846c111970232360d2c5.jpg,the-darkest-lie_747/index.html
The Bane Chronicles (The ...,Fantasy,£44.73,"

    
        In stock
    
",4,../media/cache/9a/33/9a333c4a06ce187c5c9d2f5969ddcac2.jpg,the-bane-chronicles-the-bane-chronicles-1-11_746/index.html
The Bad-Ass Librarians of ...,Nonfiction,£15.77,"

    
        In stock
    
",1,../media/cache/88/90/8890073a9c9e3bb696f6baa84fb4dd95.jpg,the-bad-ass-librarians-of-timbuktu-and-their-race-to-save-the-worlds-most-precious-manuscripts_745/index.html
The 14th Colony (Cotton ...,Thriller,£39.24,"

    
        In stock
    
",1,../media/cache/d9/1a/d91aae72af6c1cb2c63163acabe7895c.jpg,the-14th-colony-cotton-malone-11_744/index.html
That Darkness (Gardiner and ...,Mystery,£13.92,"

    
        In stock
    
",1,../media/cache/44/9e/449ed681142bc336646abee754e96639.jpg,that-darkness-gardiner-and-renner-1_743/index.html
Tastes Like Fear (DI ...,Mystery,£10.69,"

    
        In stock
    
",1,../media/cache/3c/91/3c91d97266bd6dda322089695fb46daf.jpg,tastes-like-fear-di-marnie-rome-3_742/index.html
Take Me with You,Fiction,£45.21,"

    
        In stock
    
",3,../media/cache/d8/a4/d8a44eda7cbe7bd1207f868e9adc06f3.jpg,take-me-with-you_741/index.html
Swell: A Year of ...,Nonfiction,£45.58,"

    
        In stock
    
",1,../media/cache/10/28/1028b2cf417e49dc1c14609e437a98e0.jpg,swell-a-year-of-waves_740/index.html
Superman Vol. 1: Before ...,Sequential Art,£11.89,"

    
        In stock
    
",5,../media/cache/7e/c0/7ec0e9ca6153a23b2024b7df7407ee84.jpg,superman-vol-1-before-truth-superman-by-gene-luen-yang-1_739/index.html
Still Life with Bread ...,Fiction,£26.41,"

    
        In stock
    
",3,../media/cache/8e/c7/8ec7f310b74ddd7ec3c859e9b0da7389.jpg,still-life-with-bread-crumbs_738/index.html
Steve Jobs,Default,£39.50,"

    
        In stock
    
",5,../media/cache/86/31/86313c225719ac946894d780c4ff0839.jpg,steve-jobs_737/index.html
Sorting the Beef from ...,Science,£44.74,"

    
        In stock
    
",4,../media/cache/68/ca/68caaf9ac41964d5167a3eb67c638393.jpg,sorting-the-beef-from-the-bull-the-science-of-food-fraud-forensics_736/index.html
Someone Like You (The ...,Contemporary,£52.79,"

    
        In stock
    
",5,../media/cache/e3/d0/e3d05227f3fc24f0e0c84ccebe108fb0.jpg,someone-like-you-the-harrisons-2_735/index.html
"So Cute It Hurts!!, ...",Sequential Art,£35.43,"

    
        In stock
    
",4,../media/cache/b2/48/b2484d13793ff1c4271a3d4023d4d24e.jpg,so-cute-it-hurts-vol-6-so-cute-it-hurts-6_734/index.html
Shtum,Fiction,£55.84,"

    
        In stock
    
",4,../media/cache/03/16/0316bb6f4785ac69c0643109201bad5d.jpg,shtum_733/index.html
See America: A Celebration ...,Travel,£48.87,"

    
        In stock
    
",3,../media/cache/9a/7e/9a7e63f12829df4b43b31d110bf3dc2e.jpg,see-america-a-celebration-of-our-national-parks-treasured-sites_732/index.html
salt.,Poetry,£46.78,"

    
        In stock
    
",4,../media/cache/3f/41/3f4160ada0b16e3c64cd2d0dffe781c8.jpg,salt_731/index.html
Robin War,Sequential Art,£47.82,"

    
        In stock
    
",3,../media/cache/45/1d/451d3543022242b8b245793e6b5c26bb.jpg,robin-war_730/index.html
"Red Hood/Arsenal, Vol. 1: ...",Sequential Art,£25.48,"

    
        In stock
    
",2,../media/cache/da/78/da78757466c3b0a2c89f0ddf6b5e642f.jpg,red-hoodarsenal-vol-1-open-for-business-red-hoodarsenal-1_729/index.html
Rain Fish,Childrens,£23.57,"

    
        In stock
    
",3,../media/cache/bb/e2/bbe26db72b8a32117bfe4981b7cc8147.jpg,rain-fish_728/index.html
Quarter Life Poetry: Poems ...,Poetry,£50.89,"

    
        In stock
    
",5,../media/cache/c8/f2/c8f297fab080ddd02b3ed5c17b83af85.jpg,quarter-life-poetry-poems-for-the-young-broke-and-hangry_727/index.html
Pet Sematary,Horror,£10.56,"

    
        In stock
    
",3,../media/cache/7a/72/7a72465b21dbf998323e37b31f9a3f4a.jpg,pet-sematary_726/index.html
"Overload: How to Unplug, ...",Self Help,£52.15,"

    
        In stock
    
",3,../media/cache/9c/da/9cda4893c7fce0c1c8eaa34fb092aa04.jpg,overload-how-to-unplug-unwind-and-unleash-yourself-from-the-pressure-of-stress_725/index.html
Once Was a Time,Childrens,£18.28,"

    
        In stock
    
",2,../media/cache/97/12/971212afa8e4ff49d92f678bc889d8b7.jpg,once-was-a-time_724/index.html
Old School (Diary of ...,Humor,£11.83,"

    
        In stock
    
",5,../media/cache/df/5d/df5d172abe87deda6d533e3e908d27d8.jpg,old-school-diary-of-a-wimpy-kid-10_723/index.html
No Dream Is Too ...,Nonfiction,£21.95,"

    
        In stock
    
",2,../media/cache/b5/6f/b56ff04effb66fe701a22abd4a7f1667.jpg,no-dream-is-too-high-life-lessons-from-a-man-who-walked-on-the-moon_722/index.html
"Naruto (3-in-1 Edition), Vol. ...",Sequential Art,£38.39,"

    
        In stock
    
",2,../media/cache/c8/22/c822360ce0f91c40f7a0491c22287646.jpg,naruto-3-in-1-edition-vol-14-includes-vols-40-41-42-naruto-omnibus-14_721/index.html
My Name Is Lucy ...,Fiction,£41.56,"

    
        In stock
    
",1,../media/cache/ca/b1/cab150e556b5fab663a9fec00ed97943.jpg,my-name-is-lucy-barton_720/index.html
My Mrs. Brown,Fiction,£24.48,"

    
        In stock
    
",3,../media/cache/e0/79/e07906c1e507055da9a2260a74f58273.jpg,my-mrs-brown_719/index.html
My Kind of Crazy,Young Adult,£40.36,"

    
        In stock
    
",1,../media/cache/46/6e/466e9636819aad1126ac6cefb5313ba8.jpg,my-kind-of-crazy_718/index.html
Mr. Mercedes (Bill Hodges ...,Fiction,£28.90,"

    
        In stock
    
",1,../media/cache/a7/f0/a7f092a7b79f848df0226f808fed489b.jpg,mr-mercedes-bill-hodges-trilogy-1_717/index.html
More Than Music (Chasing ...,Add a comment,£37.61,"

    
        In stock
    
",2,../media/cache/3f/e7/3fe7073a5caac81929524d2d9488f928.jpg,more-than-music-chasing-the-dream-1_716/index.html
Made to Stick: Why ...,Business,£38.85,"

    
        In stock
    
",5,../media/cache/e2/2e/e22e4a82d97f9f0689d5295a98f5dcff.jpg,made-to-stick-why-some-ideas-survive-and-others-die_715/index.html
Luis Paints the World,Childrens,£53.95,"

    
        In stock
    
",3,../media/cache/85/e7/85e75d5a9309da5807c82decf3d90263.jpg,luis-paints-the-world_714/index.html
Luckiest Girl Alive,Default,£49.83,"

    
        In stock
    
",3,../media/cache/81/c0/81c0a1ce03db82568e2496db945a8227.jpg,luckiest-girl-alive_713/index.html
Lowriders to the Center ...,Sequential Art,£51.51,"

    
        In stock
    
",2,../media/cache/b2/97/b2978e96069dd91785e5ab0bc99c022e.jpg,lowriders-to-the-center-of-the-earth-lowriders-in-space-2_712/index.html
Love Is a Mix ...,Music,£18.03,"

    
        In stock
    
",1,../media/cache/a2/6d/a26d8449abb3381e09126eda5f4e8151.jpg,love-is-a-mix-tape-music-1_711/index.html
Looking for Lovely: Collecting ...,Nonfiction,£29.14,"

    
        In stock
    
",5,../media/cache/61/1e/611e1804ad968e309a5f788d4ebc1cb4.jpg,looking-for-lovely-collecting-the-moments-that-matter_710/index.html
Living Leadership by Insight: ...,Default,£46.91,"

    
        In stock
    
",4,../media/cache/e9/5e/e95e82f09681709bb0f927341dda274e.jpg,living-leadership-by-insight-a-good-leader-achieves-a-great-leader-builds-monuments_709/index.html
Let It Out: A ...,Nonfiction,£26.79,"

    
        In stock
    
",5,../media/cache/51/fc/51fcd3e9384894e6a53a753d2ab856ee.jpg,let-it-out-a-journey-through-journaling_708/index.html
Lady Midnight (The Dark ...,Default,£16.28,"

    
        In stock
    
",5,../media/cache/89/a6/89a61d48e93bc92537c0a2cb2c0094bb.jpg,lady-midnight-the-dark-artifices-1_707/index.html
"It's All Easy: Healthy, ...",Food and Drink,£19.55,"

    
        In stock
    
",1,../media/cache/fe/67/fe67c381d6a0c4c00a7c191d16939554.jpg,its-all-easy-healthy-delicious-weeknight-meals-in-under-30-minutes_706/index.html
Island of Dragons (Unwanteds ...,Fantasy,£29.65,"

    
        In stock
    
",1,../media/cache/75/b9/75b99691594fde72ccb1831624cfeff6.jpg,island-of-dragons-unwanteds-7_705/index.html
I Know What I'm ...,Humor,£25.98,"

    
        In stock
    
",4,../media/cache/ea/7b/ea7bcac4b27a5bf6d4f8125bb7af3361.jpg,i-know-what-im-doing-and-other-lies-i-tell-myself-dispatches-from-a-life-under-construction_704/index.html
I Am Pilgrim (Pilgrim ...,Fiction,£10.60,"

    
        In stock
    
",4,../media/cache/ed/07/ed07c9e7c53d4f33a6eb7d41eb0e6d4a.jpg,i-am-pilgrim-pilgrim-1_703/index.html
Hyperbole and a Half: ...,Humor,£14.75,"

    
        In stock
    
",5,../media/cache/b5/a9/b5a90d1c36a96513942f006345ace3d2.jpg,hyperbole-and-a-half-unfortunate-situations-flawed-coping-mechanisms-mayhem-and-other-things-that-happened_702/index.html
"Hush, Hush (Hush, Hush ...",Default,£47.02,"

    
        In stock
    
",3,../media/cache/2a/b9/2ab91479fe480e964f319fa8ac6991b2.jpg,hush-hush-hush-hush-1_701/index.html
Hold Your Breath (Search ...,Romance,£28.82,"

    
        In stock
    
",1,../media/cache/0b/89/0b89c3b317d0f89da48356a0b5959c1e.jpg,hold-your-breath-search-and-rescue-1_700/index.html
Hamilton: The Revolution,Nonfiction,£58.79,"

    
        In stock
    
",3,../media/cache/34/ef/34ef0844cb1fbca6ab73444087fcf0e6.jpg,hamilton-the-revolution_699/index.html
Greek Mythic History,Default,£10.23,"

    
        In stock
    
",5,../media/cache/36/cf/36cf56c7bdf35aadbcc6f05a8e8d8fcb.jpg,greek-mythic-history_698/index.html
God: The Most Unpleasant ...,Religion,£30.03,"

    
        In stock
    
",5,../media/cache/1f/db/1fdb125bcb8cee71f3404b4dc293348c.jpg,god-the-most-unpleasant-character-in-all-fiction_697/index.html
Glory over Everything: Beyond ...,Historical Fiction,£45.84,"

    
        In stock
    
",3,../media/cache/96/41/964194a317f8ce5ed031bf4c9ceb43ab.jpg,glory-over-everything-beyond-the-kitchen-house_696/index.html
Feathers: Displays of Brilliant ...,Art,£49.05,"

    
        In stock
    
",3,../media/cache/f2/ee/f2ee668cf593ff13a9560c2801e9c2a2.jpg,feathers-displays-of-brilliant-plumage_695/index.html
Far & Away: Places ...,Nonfiction,£15.06,"

    
        In stock
    
",4,../media/cache/11/e2/11e227bdb5fe8b43dcc2366a157a47c2.jpg,far-away-places-on-the-brink-of-change-seven-continents-twenty-five-years_694/index.html
Every Last Word,Default,£46.47,"

    
        In stock
    
",3,../media/cache/92/e7/92e7f0a8ca38964fea93e911aefbf6c9.jpg,every-last-word_693/index.html
Eligible (The Austen Project ...,Fiction,£27.09,"

    
        In stock
    
",3,../media/cache/26/3b/263bf5d128bf18553ea8da8bb19e9a0c.jpg,eligible-the-austen-project-4_692/index.html
El Deafo,Sequential Art,£57.62,"

    
        In stock
    
",5,../media/cache/34/eb/34eb0f1b570d4f1f6ad106652f1ac6ff.jpg,el-deafo_691/index.html
Eight Hundred Grapes,Fiction,£14.39,"

    
        In stock
    
",4,../media/cache/8c/01/8c011092f05791961d25ec3cfcf0a832.jpg,eight-hundred-grapes_690/index.html
Eaternity: More than 150 ...,Nonfiction,£51.75,"

    
        In stock
    
",5,../media/cache/b1/e1/b1e15eef42c0d71596f9f9ad4e9f48b0.jpg,eaternity-more-than-150-deliciously-easy-vegan-recipes-for-a-long-healthy-satisfied-joyful-life_689/index.html
"Eat Fat, Get Thin",Health,£54.07,"

    
        In stock
    
",2,../media/cache/62/3f/623f8e7f7432ce744f4318aae8166ce4.jpg,eat-fat-get-thin_688/index.html
Don't Get Caught,Young Adult,£55.35,"

    
        In stock
    
",1,../media/cache/b2/df/b2df2ea409c5cf28538b67aff424b11f.jpg,dont-get-caught_687/index.html
Doctor Sleep (The Shining ...,Horror,£40.12,"

    
        In stock
    
",2,../media/cache/55/bf/55bfc858c1cb19867e41415532ae43c6.jpg,doctor-sleep-the-shining-2_686/index.html
Demigods & Magicians: Percy ...,Fantasy,£37.51,"

    
        In stock
    
",5,../media/cache/8f/80/8f8074d9f035c2a0ef8595ad89f7bcc8.jpg,demigods-magicians-percy-and-annabeth-meet-the-kanes-percy-jackson-kane-chronicles-crossover-1-3_685/index.html
Dear Mr. Knightley,Fiction,£11.21,"

    
        In stock
    
",5,../media/cache/78/87/78873811f8c1d75a0c26d8cc8e6a9dbc.jpg,dear-mr-knightley_684/index.html
Daily Fantasy Sports,Default,£36.58,"

    
        In stock
    
",1,../media/cache/44/ff/44ff81a2ea37d3946605e205ddd538eb.jpg,daily-fantasy-sports_683/index.html
Crazy Love: Overwhelmed by ...,Christian,£47.72,"

    
        In stock
    
",2,../media/cache/03/f1/03f1e337afadba35687672b5625a9757.jpg,crazy-love-overwhelmed-by-a-relentless-god_682/index.html
Cometh the Hour (The ...,Fiction,£25.01,"

    
        In stock
    
",3,../media/cache/55/11/5511a4296fbd484dcaa89c8a2d25965d.jpg,cometh-the-hour-the-clifton-chronicles-6_681/index.html
Code Name Verity (Code ...,Add a comment,£22.13,"

    
        In stock
    
",4,../media/cache/f5/58/f55886d1bf600529a35e1bd932c78ca0.jpg,code-name-verity-code-name-verity-1_680/index.html
Clockwork Angel (The Infernal ...,Default,£44.14,"

    
        In stock
    
",1,../media/cache/ff/0e/ff0ee0002f510112b6d7a88f53366e1d.jpg,clockwork-angel-the-infernal-devices-1_679/index.html
City of Glass (The ...,Fantasy,£56.02,"

    
        In stock
    
",4,../media/cache/00/08/0008e65aa431ed3625ad3a4352f8e90d.jpg,city-of-glass-the-mortal-instruments-3_678/index.html
City of Fallen Angels ...,Default,£11.23,"

    
        In stock
    
",4,../media/cache/c9/40/c940b6c329ecc39aaed2ab0140592a4b.jpg,city-of-fallen-angels-the-mortal-instruments-4_677/index.html
City of Bones (The ...,Default,£43.28,"

    
        In stock
    
",1,../media/cache/96/af/96af4aaf25ab49b057c10b5b7eb7652c.jpg,city-of-bones-the-mortal-instruments-1_676/index.html
City of Ashes (The ...,Default,£47.27,"

    
        In stock
    
",1,../media/cache/68/da/68dab382d535305ca6025be9921df0d1.jpg,city-of-ashes-the-mortal-instruments-2_675/index.html
Cell,Add a comment,£20.29,"

    
        In stock
    
",4,../media/cache/0b/97/0b97282ed82b771ed328e05386a84adb.jpg,cell_674/index.html
Catching Jordan (Hundred Oaks),Young Adult,£50.83,"

    
        In stock
    
",3,../media/cache/ad/ac/adac97366586d261feab30bf5220756e.jpg,catching-jordan-hundred-oaks_673/index.html
"Carry On, Warrior: Thoughts ...",Default,£31.85,"

    
        In stock
    
",3,../media/cache/dd/f5/ddf5da673bb34a74a81faf7271c7ca13.jpg,carry-on-warrior-thoughts-on-life-unarmed_672/index.html
Carrie,Default,£46.23,"

    
        In stock
    
",2,../media/cache/c5/6f/c56f37eb53888765eb55f86fb7381c2f.jpg,carrie_671/index.html
Buying In: The Secret ...,Nonfiction,£37.80,"

    
        In stock
    
",4,../media/cache/f2/fa/f2faa289117546efa0b4068a07778ab0.jpg,buying-in-the-secret-dialogue-between-what-we-buy-and-who-we-are_670/index.html
Brain on Fire: My ...,Nonfiction,£49.32,"

    
        In stock
    
",5,../media/cache/88/aa/88aad1204951e0900906173b086e6695.jpg,brain-on-fire-my-month-of-madness_669/index.html
Batman: Europa,Sequential Art,£32.01,"

    
        In stock
    
",2,../media/cache/f1/fe/f1fecf0ce9b5771e4d2c9619e8550988.jpg,batman-europa_668/index.html
Barefoot Contessa Back to ...,Food and Drink,£28.01,"

    
        In stock
    
",1,../media/cache/b8/38/b838b65e0e1ac3a9b498dfb1bf004420.jpg,barefoot-contessa-back-to-basics_667/index.html
Barefoot Contessa at Home: ...,Food and Drink,£50.62,"

    
        In stock
    
",5,../media/cache/74/aa/74aa29b1ba4147eaf5b46671bf235861.jpg,barefoot-contessa-at-home-everyday-recipes-youll-make-over-and-over-again_666/index.html
Balloon Animals,Fiction,£17.03,"

    
        In stock
    
",3,../media/cache/6e/23/6e2324cae6335e8e98c8b46597afc9a3.jpg,balloon-animals_665/index.html
Art Ops Vol. 1,Sequential Art,£48.80,"

    
        In stock
    
",3,../media/cache/0b/b4/0bb4c64f1522c033368df5567a349472.jpg,art-ops-vol-1_664/index.html
Aristotle and Dante Discover ...,Young Adult,£58.14,"

    
        In stock
    
",4,../media/cache/61/1a/611aba0ef5b859ba1977ef30677b0194.jpg,aristotle-and-dante-discover-the-secrets-of-the-universe-aristotle-and-dante-discover-the-secrets-of-the-universe-1_663/index.html
Angels Walking (Angels Walking ...,Add a comment,£34.20,"

    
        In stock
    
",2,../media/cache/50/0e/500eeb810e940424827580574e46852c.jpg,angels-walking-angels-walking-1_662/index.html
Angels & Demons (Robert ...,Default,£51.48,"

    
        In stock
    
",3,../media/cache/b4/2a/b42a187c37de904f776070c57f51c756.jpg,angels-demons-robert-langdon-1_661/index.html
All the Light We ...,Historical,£29.87,"

    
        In stock
    
",5,../media/cache/41/c3/41c37f7f0e03ee1144dd6fa89483b5d9.jpg,all-the-light-we-cannot-see_660/index.html
Adulthood Is a Myth: ...,Sequential Art,£10.90,"

    
        In stock
    
",2,../media/cache/a2/b9/a2b974e5a66e7502c77d2e4632abe033.jpg,adulthood-is-a-myth-a-sarahs-scribbles-collection_659/index.html
Abstract City,Nonfiction,£56.37,"

    
        In stock
    
",5,../media/cache/e7/70/e77019ebd71bcf6badb085bddf47c413.jpg,abstract-city_658/index.html
A Time of Torment ...,Mystery,£48.35,"

    
        In stock
    
",5,../media/cache/e8/c0/e8c0ba15066bab950ae161fd60949b9a.jpg,a-time-of-torment-charlie-parker-14_657/index.html
A Study in Scarlet ...,Mystery,£16.73,"

    
        In stock
    
",2,../media/cache/8f/a4/8fa41d6caa10e427356b8a590eb4d96b.jpg,a-study-in-scarlet-sherlock-holmes-1_656/index.html
A Series of Catastrophes ...,Add a comment,£56.48,"

    
        In stock
    
",2,../media/cache/9b/20/9b2076ce7414103a093ce2459d089969.jpg,a-series-of-catastrophes-and-miracles-a-true-story-of-love-science-and-cancer_655/index.html
A People's History of ...,Add a comment,£40.79,"

    
        In stock
    
",2,../media/cache/75/20/75200336c141156746000f7055df344a.jpg,a-peoples-history-of-the-united-states_654/index.html
A Man Called Ove,Fiction,£39.72,"

    
        In stock
    
",1,../media/cache/9c/f1/9cf1f4a47b8d08909fc092e6ae598d83.jpg,a-man-called-ove_653/index.html
A Distant Mirror: The ...,History,£14.58,"

    
        In stock
    
",3,../media/cache/41/d5/41d5fa6a81cdbcbe6b0b15757a4c9144.jpg,a-distant-mirror-the-calamitous-14th-century_652/index.html
A Brush of Wings ...,Add a comment,£55.51,"

    
        In stock
    
",1,../media/cache/4d/16/4d163d43cb4aa624e599330a39abace5.jpg,a-brush-of-wings-angels-walking-3_651/index.html
1491: New Revelations of ...,History,£21.80,"

    
        In stock
    
",3,../media/cache/88/75/8875f384ce9103281b7f6e86a2b8204d.jpg,1491-new-revelations-of-the-americas-before-columbus_650/index.html
"The Three Searches, Meaning, ...",Default,£13.33,"

    
        In stock
    
",3,../media/cache/83/35/8335b71599b5a257a56cfabdd79080a4.jpg,the-three-searches-meaning-and-the-story_649/index.html
Searching for Meaning in ...,Fantasy,£38.73,"

    
        In stock
    
",1,../media/cache/3b/04/3b045fe0394dc192950a0ec9e3812fe4.jpg,searching-for-meaning-in-gailana_648/index.html
Rook,Add a comment,£37.86,"

    
        In stock
    
",4,../media/cache/55/33/5533595a623c3bb947c4a5171fc2df08.jpg,rook_647/index.html
My Kitchen Year: 136 ...,Food and Drink,£11.53,"

    
        In stock
    
",2,../media/cache/76/a1/76a1516c8d9c3e620626f30840013a85.jpg,my-kitchen-year-136-recipes-that-saved-my-life_646/index.html
13 Hours: The Inside ...,Nonfiction,£27.06,"

    
        In stock
    
",1,../media/cache/15/f7/15f78e0b04feb9b94e88865803cb5e9e.jpg,13-hours-the-inside-account-of-what-really-happened-in-benghazi_645/index.html
Will You Won't You ...,Womens Fiction,£13.86,"

    
        In stock
    
",3,../media/cache/16/e3/16e3ca741956485119251e7442a67e2e.jpg,will-you-wont-you-want-me_644/index.html
Tipping Point for Planet ...,Science,£37.55,"

    
        In stock
    
",1,../media/cache/56/97/5697f2f8f628129df01c5790985ffd9b.jpg,tipping-point-for-planet-earth-how-close-are-we-to-the-edge_643/index.html
The Star-Touched Queen,Fantasy,£32.30,"

    
        In stock
    
",5,../media/cache/d3/0d/d30dd8b6be6f9fcfd17178e8083238b6.jpg,the-star-touched-queen_642/index.html
The Silent Sister (Riley ...,Fiction,£46.29,"

    
        In stock
    
",5,../media/cache/30/2c/302cd9c84442e139145ec0993880d7e0.jpg,the-silent-sister-riley-macpherson-1_641/index.html
The Midnight Watch: A ...,Add a comment,£26.20,"

    
        In stock
    
",1,../media/cache/97/3a/973a2c3462a18fc90d3b9662d959df37.jpg,the-midnight-watch-a-novel-of-the-titanic-and-the-californian_640/index.html
The Lonely City: Adventures ...,Nonfiction,£33.26,"

    
        In stock
    
",2,../media/cache/5c/5e/5c5e527fea6b17199773bb175b515aee.jpg,the-lonely-city-adventures-in-the-art-of-being-alone_639/index.html
The Gray Rhino: How ...,Add a comment,£59.15,"

    
        In stock
    
",4,../media/cache/9f/25/9f255826f354776dda9afbd5576a7add.jpg,the-gray-rhino-how-to-recognize-and-act-on-the-obvious-dangers-we-ignore_638/index.html
The Golden Condom: And ...,Psychology,£39.43,"

    
        In stock
    
",1,../media/cache/dc/4d/dc4d070e33813a07a4e02f069e6d482f.jpg,the-golden-condom-and-other-essays-on-love-lost-and-found_637/index.html
The Epidemic (The Program ...,Young Adult,£14.44,"

    
        In stock
    
",5,../media/cache/87/cd/87cd652c35e2a78535c83becae33cff2.jpg,the-epidemic-the-program-06_636/index.html
The Dinner Party,Fiction,£56.54,"

    
        In stock
    
",2,../media/cache/ba/76/ba761d23c5c0e5a0638e04739c69c5d0.jpg,the-dinner-party_635/index.html
The Diary of a ...,Nonfiction,£59.90,"

    
        In stock
    
",3,../media/cache/83/d5/83d5526864a108d27fd4b03dd31ec18b.jpg,the-diary-of-a-young-girl_634/index.html
The Children,Add a comment,£11.88,"

    
        In stock
    
",3,../media/cache/d8/03/d803ab341d3020a3bb280d6135e4ae65.jpg,the-children_633/index.html
Stars Above (The Lunar ...,Young Adult,£48.05,"

    
        In stock
    
",2,../media/cache/fd/5b/fd5b14399052ab552e240ed18ab03c6d.jpg,stars-above-the-lunar-chronicles-45_632/index.html
Snatched: How A Drug ...,Nonfiction,£21.21,"

    
        In stock
    
",3,../media/cache/2a/f3/2af39796852729270fb23e05a662a42c.jpg,snatched-how-a-drug-queen-went-undercover-for-the-dea-and-was-kidnapped-by-colombian-guerillas_631/index.html
Raspberry Pi Electronics Projects ...,Default,£49.67,"

    
        In stock
    
",4,../media/cache/a2/da/a2da8957b9cb8265d7f1dfeb0651f1c7.jpg,raspberry-pi-electronics-projects-for-the-evil-genius_630/index.html
Quench Your Own Thirst: ...,Business,£43.14,"

    
        In stock
    
",1,../media/cache/2d/fd/2dfdc52bcdbd82dee50372bc46c83e15.jpg,quench-your-own-thirst-business-lessons-learned-over-a-beer-or-two_629/index.html
Psycho: Sanitarium (Psycho #1.5),Horror,£36.97,"

    
        In stock
    
",5,../media/cache/02/5c/025c30a378e2a4190e84f1429e81b803.jpg,psycho-sanitarium-psycho-15_628/index.html
Poisonous (Max Revere Novels ...,Mystery,£26.80,"

    
        In stock
    
",3,../media/cache/23/52/2352718971d5e166fa9541a5a7d716fa.jpg,poisonous-max-revere-novels-3_627/index.html
One with You (Crossfire ...,Add a comment,£15.71,"

    
        In stock
    
",4,../media/cache/b8/29/b829181ae95c8f020c1ad3273192de30.jpg,one-with-you-crossfire-5_626/index.html
No Love Allowed (Dodge ...,Young Adult,£54.65,"

    
        In stock
    
",4,../media/cache/70/3e/703e053877204a396ec6e7beac863118.jpg,no-love-allowed-dodge-cove-1_625/index.html
Murder at the 42nd ...,Mystery,£54.36,"

    
        In stock
    
",4,../media/cache/c3/8d/c38d65cd155b67ca025f0655bd1bb095.jpg,murder-at-the-42nd-street-library-raymond-ambler-1_624/index.html
Most Wanted,Mystery,£35.28,"

    
        In stock
    
",3,../media/cache/8b/bc/8bbc5ab4c3784b4d9b93eb0fd1fb6fd6.jpg,most-wanted_623/index.html
"Love, Lies and Spies",Historical Fiction,£20.55,"

    
        In stock
    
",2,../media/cache/7a/22/7a224a6e174af91950e9b124afe54e0e.jpg,love-lies-and-spies_622/index.html
How to Speak Golf: ...,Default,£58.32,"

    
        In stock
    
",5,../media/cache/d2/64/d264ad1af882ce391005dc7215ac90e7.jpg,how-to-speak-golf-an-illustrated-guide-to-links-lingo_621/index.html
Hide Away (Eve Duncan ...,Mystery,£11.84,"

    
        In stock
    
",1,../media/cache/57/07/5707c3d5d4fd44d943d51730ba7d429a.jpg,hide-away-eve-duncan-20_620/index.html
Furiously Happy: A Funny ...,Nonfiction,£41.46,"

    
        In stock
    
",4,../media/cache/ab/2a/ab2ae4f02aa46271b4bfc77494039fc6.jpg,furiously-happy-a-funny-book-about-horrible-things_619/index.html
Everyday Italian: 125 Simple ...,Food and Drink,£20.10,"

    
        In stock
    
",5,../media/cache/5a/64/5a6499d41ccaad4c4f7eeaa90e16345a.jpg,everyday-italian-125-simple-and-delicious-recipes_618/index.html
Equal Is Unfair: America's ...,Politics,£56.86,"

    
        In stock
    
",1,../media/cache/00/11/001153d2a22d889837efac1703e10a5e.jpg,equal-is-unfair-americas-misguided-fight-against-income-inequality_617/index.html
Eleanor & Park,Default,£56.51,"

    
        In stock
    
",5,../media/cache/ed/d7/edd781d3c9d63a395f80f241445e88fa.jpg,eleanor-park_616/index.html
Dirty (Dive Bar #1),Romance,£40.83,"

    
        In stock
    
",4,../media/cache/ae/90/ae903f6f6d059954be4e85497dd76bf5.jpg,dirty-dive-bar-1_615/index.html
Can You Keep a ...,Horror,£48.64,"

    
        In stock
    
",1,../media/cache/0b/2f/0b2f432cc27132f688fcdf29618521e0.jpg,can-you-keep-a-secret-fear-street-relaunch-4_614/index.html
Boar Island (Anna Pigeon ...,Mystery,£59.48,"

    
        In stock
    
",3,../media/cache/d5/81/d58157866ea8f015a8e4c55b23b8c96f.jpg,boar-island-anna-pigeon-19_613/index.html
A Paris Apartment,Historical Fiction,£39.01,"

    
        In stock
    
",4,../media/cache/16/57/16575316618bd7e922d5b0e0f87de2ca.jpg,a-paris-apartment_612/index.html
A la Mode: 120 ...,Food and Drink,£38.77,"

    
        In stock
    
",1,../media/cache/98/19/9819ff3a8290dc6ab8797d00de5ec554.jpg,a-la-mode-120-recipes-in-60-pairings-pies-tarts-cakes-crisps-and-more-topped-with-ice-cream-gelato-frozen-custard-and-more_611/index.html
Troublemaker: Surviving Hollywood and ...,Default,£48.39,"

    
        In stock
    
",2,../media/cache/77/82/778285b3c87d6d5d98003aa0f2f65933.jpg,troublemaker-surviving-hollywood-and-scientology_610/index.html
The Widow,Mystery,£27.26,"

    
        In stock
    
",2,../media/cache/fd/71/fd71fb07247bf911505a351c0670c6dc.jpg,the-widow_609/index.html
The Sleep Revolution: Transforming ...,Nonfiction,£11.68,"

    
        In stock
    
",4,../media/cache/3d/c5/3dc5455313710cf7055c060114e25bf0.jpg,the-sleep-revolution-transforming-your-life-one-night-at-a-time_608/index.html
The Improbability of Love,Fiction,£59.45,"

    
        In stock
    
",1,../media/cache/06/49/06493269f6893cfd24b650f66df51882.jpg,the-improbability-of-love_607/index.html
The Art of Startup ...,Business,£21.00,"

    
        In stock
    
",3,../media/cache/b3/7b/b37be83183f1dcb759d92bda8f8998a4.jpg,the-art-of-startup-fundraising_606/index.html
Take Me Home Tonight ...,Romance,£53.98,"

    
        In stock
    
",3,../media/cache/a6/4b/a64b3c559f59748bfdbbe75be3e16075.jpg,take-me-home-tonight-rock-star-romance-3_605/index.html
Sleeping Giants (Themis Files ...,Science Fiction,£48.74,"

    
        In stock
    
",1,../media/cache/c0/72/c072c1ef144d571abd25fe9cc18cceba.jpg,sleeping-giants-themis-files-1_604/index.html
Setting the World on ...,Biography,£21.15,"

    
        In stock
    
",2,../media/cache/8b/c4/8bc43a6b42d0283ab4bf611f1b497126.jpg,setting-the-world-on-fire-the-brief-astonishing-life-of-st-catherine-of-siena_603/index.html
Playing with Fire,Mystery,£13.71,"

    
        In stock
    
",3,../media/cache/90/0b/900bd2e60d56b6480a4e8eb2dddb46d6.jpg,playing-with-fire_602/index.html
Off the Hook (Fishing ...,Romance,£47.67,"

    
        In stock
    
",3,../media/cache/1d/78/1d78fe226e1adb9cb591fa21f8a9bf68.jpg,off-the-hook-fishing-for-trouble-1_601/index.html
Mothering Sunday,Fiction,£13.34,"

    
        In stock
    
",2,../media/cache/a8/84/a8843a3fe1a40d5c7df60bbb8cd76ecd.jpg,mothering-sunday_600/index.html
"Mother, Can You Not?",Nonfiction,£16.89,"

    
        In stock
    
",5,../media/cache/ae/03/ae03f5d4d4c2ee038ac4c4ce9b71e592.jpg,mother-can-you-not_599/index.html
M Train,Autobiography,£27.18,"

    
        In stock
    
",1,../media/cache/d6/e8/d6e8258cee98f80727e99f7ac5aa1b88.jpg,m-train_598/index.html
Lilac Girls,Historical Fiction,£17.28,"

    
        In stock
    
",2,../media/cache/6c/2e/6c2e764e3ea89859b52df8de4f12af7a.jpg,lilac-girls_597/index.html
Lies and Other Acts ...,Fiction,£45.14,"

    
        In stock
    
",1,../media/cache/29/88/2988f5fb3dfd95214dba2ecb2d496c94.jpg,lies-and-other-acts-of-love_596/index.html
Lab Girl,Autobiography,£40.85,"

    
        In stock
    
",1,../media/cache/e9/72/e972f8b4abaaa6f8f449479cd9d87be3.jpg,lab-girl_595/index.html
Keep Me Posted,Womens Fiction,£20.46,"

    
        In stock
    
",4,../media/cache/ae/ac/aeac003461b89c7ef826251d940b2afc.jpg,keep-me-posted_594/index.html
It Didn't Start with ...,Psychology,£56.27,"

    
        In stock
    
",3,../media/cache/ee/a9/eea9e831f8964b4dc0190c84a1f9a1f6.jpg,it-didnt-start-with-you-how-inherited-family-trauma-shapes-who-we-are-and-how-to-end-the-cycle_593/index.html
Grey (Fifty Shades #4),Womens Fiction,£48.49,"

    
        In stock
    
",4,../media/cache/bb/ee/bbeeab4c4ce572c0e9764e3a96c6d4a5.jpg,grey-fifty-shades-4_592/index.html
"Exit, Pursued by a ...",Young Adult,£51.34,"

    
        In stock
    
",4,../media/cache/ca/99/ca99bafb2a75d4fadb8d64efed26316f.jpg,exit-pursued-by-a-bear_591/index.html
Daredevils,Fiction,£16.34,"

    
        In stock
    
",3,../media/cache/31/71/31715c5e3b53bf1e2f41e394f024a8c4.jpg,daredevils_590/index.html
Cravings: Recipes for What ...,Food and Drink,£20.50,"

    
        In stock
    
",3,../media/cache/ae/5c/ae5ca435fb095e374d2c2aa9f7b6f380.jpg,cravings-recipes-for-what-you-want-to-eat_589/index.html
Born for This: How ...,Business,£21.59,"

    
        In stock
    
",5,../media/cache/aa/67/aa677a97ecdcbbde7471f1c90ed0cf6f.jpg,born-for-this-how-to-find-the-work-you-were-meant-to-do_588/index.html
Arena,Science Fiction,£21.36,"

    
        In stock
    
",4,../media/cache/51/88/518810d182843244a404f2a2a614a93b.jpg,arena_587/index.html
Adultery,Default,£20.88,"

    
        In stock
    
",5,../media/cache/79/d9/79d99cfa5557be0643ba00bfcd35256b.jpg,adultery_586/index.html
A Mother's Reckoning: Living ...,Nonfiction,£19.53,"

    
        In stock
    
",3,../media/cache/28/58/285861a80930ffa7521dcb8bd19656e9.jpg,a-mothers-reckoning-living-in-the-aftermath-of-tragedy_585/index.html
A Gentleman's Position (Society ...,Romance,£14.75,"

    
        In stock
    
",5,../media/cache/f0/e0/f0e0db3edcb14293a52b51929cc72979.jpg,a-gentlemans-position-society-of-gentlemen-3_584/index.html
11/22/63,Fiction,£48.48,"

    
        In stock
    
",3,../media/cache/f6/c5/f6c5d27eacb123238f28a32263694d74.jpg,112263_583/index.html
10% Happier: How I ...,Nonfiction,£24.57,"

    
        In stock
    
",2,../media/cache/40/b2/40b246cf12df5345dc0371c040fddb4b.jpg,10-happier-how-i-tamed-the-voice-in-my-head-reduced-stress-without-losing-my-edge-and-found-self-help-that-actually-works_582/index.html
10-Day Green Smoothie Cleanse: ...,Health,£49.71,"

    
        In stock
    
",5,../media/cache/23/c2/23c2108ae81327c7f3fb0721976cba5e.jpg,10-day-green-smoothie-cleanse-lose-up-to-15-pounds-in-10-days_581/index.html
Without Shame,Add a comment,£48.27,"

    
        In stock
    
",5,../media/cache/90/86/9086ca3d1d5c4059beb7dcf762926e1e.jpg,without-shame_580/index.html
Watchmen,Add a comment,£58.05,"

    
        In stock
    
",4,../media/cache/0b/43/0b43137f35134bf211608d1e7197b086.jpg,watchmen_579/index.html
Unlimited Intuition Now,Default,£58.87,"

    
        In stock
    
",4,../media/cache/61/46/6146f9ffb87a4f82301d033aa74cc48b.jpg,unlimited-intuition-now_578/index.html
Underlying Notes,Default,£11.82,"

    
        In stock
    
",2,../media/cache/ee/59/ee593e57a7fb110d96f1688b0fdd9d59.jpg,underlying-notes_577/index.html
The Shack,Fiction,£28.03,"

    
        In stock
    
",1,../media/cache/20/8b/208b77faac57115ae239391fe2a64c86.jpg,the-shack_576/index.html
The New Brand You: ...,Default,£44.05,"

    
        In stock
    
",5,../media/cache/9b/33/9b33c7a5431415614f7b788e0c1552c9.jpg,the-new-brand-you-your-new-image-makes-the-sale-for-you_575/index.html
The Moosewood Cookbook: Recipes ...,Food and Drink,£12.34,"

    
        In stock
    
",4,../media/cache/d4/53/d453cfb6c08dbf76d200ffa858bc9979.jpg,the-moosewood-cookbook-recipes-from-moosewood-restaurant-ithaca-new-york_574/index.html
The Flowers Lied,Default,£16.68,"

    
        In stock
    
",2,../media/cache/a9/f0/a9f00f8505431e64db0f91df762a6d73.jpg,the-flowers-lied_573/index.html
The Fabric of the ...,Science,£55.91,"

    
        In stock
    
",1,../media/cache/5e/7f/5e7f7d9913d4c95d33904770c518d537.jpg,the-fabric-of-the-cosmos-space-time-and-the-texture-of-reality_572/index.html
The Book of Mormon,Religion,£24.57,"

    
        In stock
    
",3,../media/cache/83/db/83dbf86eb0fed1d99de2148eac4eb064.jpg,the-book-of-mormon_571/index.html
The Art and Science ...,Health,£52.98,"

    
        In stock
    
",5,../media/cache/4b/d4/4bd43108fb070ad8ebba9cdb00b14069.jpg,the-art-and-science-of-low-carbohydrate-living_570/index.html
The Alien Club,Young Adult,£54.40,"

    
        In stock
    
",1,../media/cache/93/d0/93d01bc6bce58e8efbf560e9e3dc3379.jpg,the-alien-club_569/index.html
Suzie Snowflake: One beautiful ...,Novels,£54.81,"

    
        In stock
    
",5,../media/cache/db/cc/dbcc9d63b73ce9058d53f36465dbe2b2.jpg,suzie-snowflake-one-beautiful-flake-a-self-esteem-story_568/index.html
Nap-a-Roo,Childrens,£25.08,"

    
        In stock
    
",1,../media/cache/27/1f/271faa1d7561473974d12803feb1f0a1.jpg,nap-a-roo_567/index.html
NaNo What Now? Finding ...,Default,£10.41,"

    
        In stock
    
",4,../media/cache/f3/b9/f3b94d63844537271e86565071e5d716.jpg,nano-what-now-finding-your-editing-process-revising-your-nanowrimo-book-and-building-a-writing-career-through-publishing-and-beyond_566/index.html
Modern Day Fables,Default,£47.44,"

    
        In stock
    
",2,../media/cache/79/40/79405be1357e2576e7f4b307600be914.jpg,modern-day-fables_565/index.html
If I Gave You ...,Spirituality,£20.91,"

    
        In stock
    
",1,../media/cache/87/fe/87fe3f7f3f62c1b1b81890578c9cf294.jpg,if-i-gave-you-gods-phone-number-searching-for-spirituality-in-america_564/index.html
"Fruits Basket, Vol. 9 ...",Sequential Art,£33.95,"

    
        In stock
    
",4,../media/cache/7c/ea/7cea6ff4f6f1427739b136db35fbfad4.jpg,fruits-basket-vol-9-fruits-basket-9_563/index.html
Dress Your Family in ...,Humor,£43.68,"

    
        In stock
    
",3,../media/cache/df/14/df1418baa09e00b877be35066084c9dc.jpg,dress-your-family-in-corduroy-and-denim_562/index.html
Don't Forget Steven,Young Adult,£33.23,"

    
        In stock
    
",1,../media/cache/e7/75/e775bf9ea6343b2ee0be5166bb445bd2.jpg,dont-forget-steven_561/index.html
Chernobyl 01:23:40: The Incredible ...,Nonfiction,£35.92,"

    
        In stock
    
",2,../media/cache/5e/76/5e76a5026bd17a5b484ae2a60eec0542.jpg,chernobyl-012340-the-incredible-true-story-of-the-worlds-worst-nuclear-disaster_560/index.html
Art and Fear: Observations ...,Art,£48.63,"

    
        In stock
    
",4,../media/cache/ef/80/ef80e6100214c486562a73ce76444826.jpg,art-and-fear-observations-on-the-perils-and-rewards-of-artmaking_559/index.html
A Shard of Ice ...,Fantasy,£56.63,"

    
        In stock
    
",3,../media/cache/27/64/27649cb5da52970f4bb2fc5234a48578.jpg,a-shard-of-ice-the-black-symphony-saga-1_558/index.html
A Hero's Curse (The ...,Add a comment,£50.49,"

    
        In stock
    
",3,../media/cache/95/68/95685fabe00befa6dc91277cde703b55.jpg,a-heros-curse-the-unseen-chronicles-1_557/index.html
23 Degrees South: A ...,Add a comment,£35.79,"

    
        In stock
    
",2,../media/cache/29/3e/293e31894cd2c5bf2aff452b8c818b66.jpg,23-degrees-south-a-tropical-tale-of-changing-whether_556/index.html
Zero to One: Notes ...,Nonfiction,£34.06,"

    
        In stock
    
",3,../media/cache/f4/8e/f48ee738bc992a68d08eadcb4338a547.jpg,zero-to-one-notes-on-startups-or-how-to-build-the-future_555/index.html
Why Not Me?,Nonfiction,£17.76,"

    
        In stock
    
",1,../media/cache/31/a6/31a61c2587add91e55a85fec33e93d15.jpg,why-not-me_554/index.html
When Breath Becomes Air,Nonfiction,£39.36,"

    
        In stock
    
",2,../media/cache/39/a5/39a5f0d3280010ca400eb4f5d262b950.jpg,when-breath-becomes-air_553/index.html
Vagabonding: An Uncommon Guide ...,Travel,£36.94,"

    
        In stock
    
",2,../media/cache/d5/bf/d5bf0090470b0b8ea46d9c166f7895aa.jpg,vagabonding-an-uncommon-guide-to-the-art-of-long-term-world-travel_552/index.html
The Unlikely Pilgrimage of ...,Default,£43.62,"

    
        In stock
    
",5,../media/cache/06/e2/06e2e125d332e2e09a64816ff915b859.jpg,the-unlikely-pilgrimage-of-harold-fry-harold-fry-1_551/index.html
The New Drawing on ...,Art,£43.02,"

    
        In stock
    
",3,../media/cache/6a/55/6a55ccd4bc2383f5fe915fbef8bd5a23.jpg,the-new-drawing-on-the-right-side-of-the-brain_550/index.html
"The Midnight Assassin: Panic, ...",Nonfiction,£28.45,"

    
        In stock
    
",4,../media/cache/82/6c/826c590f552ce717a2972649350c8030.jpg,the-midnight-assassin-panic-scandal-and-the-hunt-for-americas-first-serial-killer_549/index.html
The Martian (The Martian ...,Default,£41.39,"

    
        In stock
    
",2,../media/cache/72/ed/72ed6908c3fcf2bccf79013a65943849.jpg,the-martian-the-martian-1_548/index.html
The High Mountains of ...,Fiction,£51.15,"

    
        In stock
    
",1,../media/cache/55/00/550091fc134bbe67f562d95a6d6313f7.jpg,the-high-mountains-of-portugal_547/index.html
The Grownup,Short Stories,£35.88,"

    
        In stock
    
",1,../media/cache/f4/cb/f4cb1f9c7280bf1fd05fe33d2816080f.jpg,the-grownup_546/index.html
The E-Myth Revisited: Why ...,Business,£36.91,"

    
        In stock
    
",1,../media/cache/11/2c/112c55a6bcd401c3bd603f5ddb2e6b82.jpg,the-e-myth-revisited-why-most-small-businesses-dont-work-and-what-to-do-about-it_545/index.html
South of Sunshine,Young Adult,£28.93,"

    
        In stock
    
",1,../media/cache/09/11/09118b974f3685483f3e4debd1f97c90.jpg,south-of-sunshine_544/index.html
Smarter Faster Better: The ...,Nonfiction,£38.89,"

    
        In stock
    
",5,../media/cache/21/88/21889b1eddaec853b02a41bdd06eef54.jpg,smarter-faster-better-the-secrets-of-being-productive-in-life-and-business_543/index.html
Silence in the Dark ...,Suspense,£58.33,"

    
        In stock
    
",3,../media/cache/bb/1c/bb1c91883579f1f99fe6ebf13b92c1c1.jpg,silence-in-the-dark-logan-point-4_542/index.html
Shadows of the Past ...,Christian Fiction,£39.67,"

    
        In stock
    
",5,../media/cache/93/e0/93e0ec623673a8f83598c9aa7b6c94ec.jpg,shadows-of-the-past-logan-point-1_541/index.html
Roller Girl,Sequential Art,£14.10,"

    
        In stock
    
",5,../media/cache/b8/bd/b8bd3e5bc547c7c851689a844c9db429.jpg,roller-girl_540/index.html
Rising Strong,Nonfiction,£21.82,"

    
        In stock
    
",3,../media/cache/3b/f3/3bf3c719382c03984ab9766803bed964.jpg,rising-strong_539/index.html
Proofs of God: Classical ...,Philosophy,£54.21,"

    
        In stock
    
",1,../media/cache/3f/ef/3fef12d9da503693af12997c0ea0897f.jpg,proofs-of-god-classical-arguments-from-tertullian-to-barth_538/index.html
Please Kill Me: The ...,Music,£31.19,"

    
        In stock
    
",4,../media/cache/06/f1/06f185c0be2ad6e2fe059464c03f1b47.jpg,please-kill-me-the-uncensored-oral-history-of-punk_537/index.html
Out of Print: City ...,Poetry,£53.64,"

    
        In stock
    
",5,../media/cache/93/d5/93d5c64abfad9ed6a0cb2e26f19f1a1e.jpg,out-of-print-city-lights-spotlight-no-14_536/index.html
My Life Next Door ...,Young Adult,£36.39,"

    
        In stock
    
",5,../media/cache/98/00/98001a78a78ab77027145ff586d64431.jpg,my-life-next-door-my-life-next-door_535/index.html
Miller's Valley,Fiction,£58.54,"

    
        In stock
    
",2,../media/cache/dc/1a/dc1a54201eff16a11e7d84eef5ea36c7.jpg,millers-valley_534/index.html
Man's Search for Meaning,Nonfiction,£29.48,"

    
        In stock
    
",3,../media/cache/ed/ff/edffa2eec8d96b8ddcd53d5c2eff8453.jpg,mans-search-for-meaning_533/index.html
Love That Boy: What ...,Nonfiction,£25.06,"

    
        In stock
    
",2,../media/cache/6d/1b/6d1b236549b8d5bc9e20786a25b7e7d1.jpg,love-that-boy-what-two-presidents-eight-road-trips-and-my-son-taught-me-about-a-parents-expectations_532/index.html
Living Forward: A Proven ...,Nonfiction,£12.55,"

    
        In stock
    
",3,../media/cache/c9/76/c9767187068d80827d0967225ce3925d.jpg,living-forward-a-proven-plan-to-stop-drifting-and-get-the-life-you-want_531/index.html
Les Fleurs du Mal,Poetry,£29.04,"

    
        In stock
    
",5,../media/cache/36/5b/365b3ab7ab72a6258873716aef6d5c1a.jpg,les-fleurs-du-mal_530/index.html
